,industry,variable,value
0,08 OTRAS INDUSTRIAS EXTRACTIVAS,1993,235.6
1,13 INDUSTRIA TEXTIL,1993,0.0
2,17 INDUSTRIA DEL PAPEL,1993,45.08
3,23 FABRICACIÓN DE OTROS PRODUCTOS MINERALES NO METÁLICO,1993,270.45
4,"29 FABRICACIÓN DE VEHÍCULOS DE MOTOR, REMOLQUES",1993,3210.18
5,41 CONSTRUCCIÓN DE EDIFICIOS,1993,3268.81
6,43 ACTIVIDADES DE CONSTRUCCIÓN ESPECIALIZADA,1993,5.77
7,45 VENTA Y REPARACIÓN DE VEHÍCULOS DE MOTOR Y MOTOCICL.,1993,96.15
8,"46 COMER.MAYOR E INTERME.COMERCIO,EXCEP.VEHÍCULOS MOTOR",1993,1446.18
9,"47 COMERCIO AL POR MENOR, EXCEPTO DE VEHÍCULOS DE MOTOR",1993,67.64
10,55 SERVICIOS DE ALOJAMIENTO,1993,1440.94
11,56 SERVICIOS DE COMIDAS Y BEBIDAS,1993,360.61
12,58 EDICIÓN,1993,314.32
13,60 ACTIVIDADES DE PROGRAMACIÓN Y EMISIÓN DE RADIO Y TEL,1993,2404.05
14,"64 SERVICIOS FINANCIEROS,EXCEP.SEGUROS Y FONDOS PENSION",1993,4421.32
15,68 ACTIVIDADES INMOBILIARIAS,1993,29436.13
16,71 SERVICIOS TECNICOS ARQUITECTURA E INGENIERIA,1993,0.30000000000000004
17,72 INVESTIGACIÓN Y DESARROLLO,1993,2.7
18,73 PUBLICIDAD Y ESTUDIOS DE MERCADO,1993,1.56
19,"79 ACTIVI. AGENCIAS VIAJE, OPERADOR TURÍST. RESERVAS",1993,18.03
20,"93 ACTIVIDADES DEPORTIVAS, RECREATIVAS Y DE ENTRETENIM.",1993,1.8
21,96 OTROS SERVICIOS PERSONALES,1993,88.35
22,"01 AGRICULTURA, GANADERÍA, CAZA Y SERV. RELACIONADOS",1994,267.75
23,10 INDUSTRIA DE LA ALIMENTACIÓN,1994,1.5
24,11 FABRICACIÓN DE BEBIDAS,1994,0.0
25,13 INDUSTRIA TEXTIL,1994,13.37
26,15 INDUSTRIA DEL CUERO Y DEL CALZADO,1994,1.5
27,18 ARTES GRÁFICAS Y REPRODUCCIÓN DE SOPORTES GRABADOS,1994,0.0
28,"25 FABRICACIÓN DE PRODUCTOS METÁLICOS, EXCEPTO MAQUINAR",1994,54.1
29,28 FABRICACIÓN DE MAQUINARIA Y EQUIPO N.C.O.P.,1994,33.03
30,"29 FABRICACIÓN DE VEHÍCULOS DE MOTOR, REMOLQUES",1994,8121.94
31,32 OTRAS INDUSTRIAS MANUFACTURERAS,1994,1.5
32,41 CONSTRUCCIÓN DE EDIFICIOS,1994,1570.86
33,45 VENTA Y REPARACIÓN DE VEHÍCULOS DE MOTOR Y MOTOCICL.,1994,12.02
34,"46 COMER.MAYOR E INTERME.COMERCIO,EXCEP.VEHÍCULOS MOTOR",1994,3887.25
35,"47 COMERCIO AL POR MENOR, EXCEPTO DE VEHÍCULOS DE MOTOR",1994,90.15
36,52 ALMACENAMIENTO Y ACTIVIDADES ANEXAS AL TRANSPORTE,1994,1.2
37,55 SERVICIOS DE ALOJAMIENTO,1994,284.25
38,56 SERVICIOS DE COMIDAS Y BEBIDAS,1994,42.03
39,61 TELECOMUNICACIONES,1994,173.69
40,"62 PROGRAMACIÓN,CONSULTORÍA,OTRAS ACTIVIDADES RELAC.",1994,22.11
41,66 ACTIVIDADES AUXILIARES A LOS SERVICIOS FINANCIEROS,1994,0.30000000000000004
42,68 ACTIVIDADES INMOBILIARIAS,1994,2322.62
43,70 ACTV. SEDES CENTRALES; ACTIV. CONSULTORÍA DE GESTIÓN,1994,0.0
44,"74 OTRAS ACTIV. PROFESIONALES, CIENTÍFICAS Y TÉCNICAS",1994,113.58
45,81 SERVICIOS A EDIFICIOS Y ACTIVIDADES DE JARDINERÍA,1994,2.98
46,82 ACTIVIDADES ADMINISTRATIVAS DE OFICINA,1994,0.02
47,"01 AGRICULTURA, GANADERÍA, CAZA Y SERV. RELACIONADOS",1995,210.97
48,03 PESCA Y ACUICULTURA,1995,36.06
49,08 OTRAS INDUSTRIAS EXTRACTIVAS,1995,0.0
50,20 INDUSTRIA QUÍMICA,1995,45.08
51,23 FABRICACIÓN DE OTROS PRODUCTOS MINERALES NO METÁLICO,1995,4.8100000000000005
52,28 FABRICACIÓN DE MAQUINARIA Y EQUIPO N.C.O.P.,1995,34.08
53,41 CONSTRUCCIÓN DE EDIFICIOS,1995,979.14
54,43 ACTIVIDADES DE CONSTRUCCIÓN ESPECIALIZADA,1995,2103.54
55,"46 COMER.MAYOR E INTERME.COMERCIO,EXCEP.VEHÍCULOS MOTOR",1995,916.07
56,"47 COMERCIO AL POR MENOR, EXCEPTO DE VEHÍCULOS DE MOTOR",1995,53.49
57,55 SERVICIOS DE ALOJAMIENTO,1995,728.56
58,56 SERVICIOS DE COMIDAS Y BEBIDAS,1995,165.27
59,58 EDICIÓN,1995,270.32
60,61 TELECOMUNICACIONES,1995,270.46
61,"64 SERVICIOS FINANCIEROS,EXCEP.SEGUROS Y FONDOS PENSION",1995,142.5
62,68 ACTIVIDADES INMOBILIARIAS,1995,1821.18
63,69 ACTIVIDADES JURÍDICAS Y DE CONTABILIDAD,1995,222.37
64,"74 OTRAS ACTIV. PROFESIONALES, CIENTÍFICAS Y TÉCNICAS",1995,20.01
65,77 ACTIVIDADES DE ALQUILER,1995,21.03
66,"79 ACTIVI. AGENCIAS VIAJE, OPERADOR TURÍST. RESERVAS",1995,33.06
67,85 EDUCACIÓN,1995,4.8100000000000005
68,"93 ACTIVIDADES DEPORTIVAS, RECREATIVAS Y DE ENTRETENIM.",1995,180.3
69,"01 AGRICULTURA, GANADERÍA, CAZA Y SERV. RELACIONADOS",1996,120.2
70,02 SILVICULTURA Y EXPLOTACIÓN FORESTAL,1996,0.12
71,08 OTRAS INDUSTRIAS EXTRACTIVAS,1996,0.0
72,10 INDUSTRIA DE LA ALIMENTACIÓN,1996,7.21
73,17 INDUSTRIA DEL PAPEL,1996,330.56
74,18 ARTES GRÁFICAS Y REPRODUCCIÓN DE SOPORTES GRABADOS,1996,180.3
75,"25 FABRICACIÓN DE PRODUCTOS METÁLICOS, EXCEPTO MAQUINAR",1996,570.96
76,"26 FABRICACIÓN DE PRODUCTOS INFORMÁTICOS, ELECTRÓNICOS",1996,0.30000000000000004
77,41 CONSTRUCCIÓN DE EDIFICIOS,1996,3028.03
78,43 ACTIVIDADES DE CONSTRUCCIÓN ESPECIALIZADA,1996,0.0
79,45 VENTA Y REPARACIÓN DE VEHÍCULOS DE MOTOR Y MOTOCICL.,1996,126.82
80,"46 COMER.MAYOR E INTERME.COMERCIO,EXCEP.VEHÍCULOS MOTOR",1996,3281.06
81,"47 COMERCIO AL POR MENOR, EXCEPTO DE VEHÍCULOS DE MOTOR",1996,16.39
82,49 TRANSPORTE TERRESTRE Y POR TUBERÍA,1996,323.65
83,55 SERVICIOS DE ALOJAMIENTO,1996,283.11
84,56 SERVICIOS DE COMIDAS Y BEBIDAS,1996,422.21
85,58 EDICIÓN,1996,1241.58
86,63 SERVICIOS DE INFORMACIÓN,1996,3.01
87,"64 SERVICIOS FINANCIEROS,EXCEP.SEGUROS Y FONDOS PENSION",1996,61.2
88,68 ACTIVIDADES INMOBILIARIAS,1996,2151.02
89,69 ACTIVIDADES JURÍDICAS Y DE CONTABILIDAD,1996,21.04
90,70 ACTV. SEDES CENTRALES; ACTIV. CONSULTORÍA DE GESTIÓN,1996,180.32
91,71 SERVICIOS TECNICOS ARQUITECTURA E INGENIERIA,1996,1.47
92,73 PUBLICIDAD Y ESTUDIOS DE MERCADO,1996,1.5
93,"74 OTRAS ACTIV. PROFESIONALES, CIENTÍFICAS Y TÉCNICAS",1996,46.28
94,77 ACTIVIDADES DE ALQUILER,1996,78.13
95,"79 ACTIVI. AGENCIAS VIAJE, OPERADOR TURÍST. RESERVAS",1996,72.73
96,82 ACTIVIDADES ADMINISTRATIVAS DE OFICINA,1996,823.09
97,85 EDUCACIÓN,1996,1.5
98,"95 REPARACIÓN ORDENADORES, EFECTOS PERSONALES",1996,248.71
99,10 INDUSTRIA DE LA ALIMENTACIÓN,1997,0.84
100,13 INDUSTRIA TEXTIL,1997,5.5
101,20 INDUSTRIA QUÍMICA,1997,521.07
102,"25 FABRICACIÓN DE PRODUCTOS METÁLICOS, EXCEPTO MAQUINAR",1997,80.45
103,"26 FABRICACIÓN DE PRODUCTOS INFORMÁTICOS, ELECTRÓNICOS",1997,1.53
104,27 FABRICACIÓN DE MATERIAL Y EQUIPO ELÉCTRICO,1997,42.08
105,28 FABRICACIÓN DE MAQUINARIA Y EQUIPO N.C.O.P.,1997,8544.39
106,"29 FABRICACIÓN DE VEHÍCULOS DE MOTOR, REMOLQUES",1997,0.0
107,32 OTRAS INDUSTRIAS MANUFACTURERAS,1997,6.02
108,"35 SUMINISTRO DE ENERGÍA ELÉCTRICA, GAS, VAPOR Y AIRE",1997,45.08
109,41 CONSTRUCCIÓN DE EDIFICIOS,1997,3345.33
110,45 VENTA Y REPARACIÓN DE VEHÍCULOS DE MOTOR Y MOTOCICL.,1997,1.5
111,"46 COMER.MAYOR E INTERME.COMERCIO,EXCEP.VEHÍCULOS MOTOR",1997,2067.23
112,"47 COMERCIO AL POR MENOR, EXCEPTO DE VEHÍCULOS DE MOTOR",1997,250.89
113,52 ALMACENAMIENTO Y ACTIVIDADES ANEXAS AL TRANSPORTE,1997,19.53
114,55 SERVICIOS DE ALOJAMIENTO,1997,1389.97
115,56 SERVICIOS DE COMIDAS Y BEBIDAS,1997,31.7
116,58 EDICIÓN,1997,220.86
117,"62 PROGRAMACIÓN,CONSULTORÍA,OTRAS ACTIVIDADES RELAC.",1997,3.0
118,68 ACTIVIDADES INMOBILIARIAS,1997,27817.97
119,69 ACTIVIDADES JURÍDICAS Y DE CONTABILIDAD,1997,601.01
120,70 ACTV. SEDES CENTRALES; ACTIV. CONSULTORÍA DE GESTIÓN,1997,472.68
121,71 SERVICIOS TECNICOS ARQUITECTURA E INGENIERIA,1997,3.49
122,73 PUBLICIDAD Y ESTUDIOS DE MERCADO,1997,164.19
123,"74 OTRAS ACTIV. PROFESIONALES, CIENTÍFICAS Y TÉCNICAS",1997,526.34
124,77 ACTIVIDADES DE ALQUILER,1997,60.1
125,"79 ACTIVI. AGENCIAS VIAJE, OPERADOR TURÍST. RESERVAS",1997,429.72
126,82 ACTIVIDADES ADMINISTRATIVAS DE OFICINA,1997,6.28
127,85 EDUCACIÓN,1997,25.04
128,86 ACTIVIDADES SANITARIAS,1997,1.89
129,92 ACTIVIDADES DE JUEGOS DE AZAR Y APUESTAS,1997,2.4
130,"93 ACTIVIDADES DEPORTIVAS, RECREATIVAS Y DE ENTRETENIM.",1997,1.5
131,"95 REPARACIÓN ORDENADORES, EFECTOS PERSONALES",1997,141.09
132,"01 AGRICULTURA, GANADERÍA, CAZA Y SERV. RELACIONADOS",1998,1514.55
133,13 INDUSTRIA TEXTIL,1998,3.0
134,18 ARTES GRÁFICAS Y REPRODUCCIÓN DE SOPORTES GRABADOS,1998,12.62
135,21 FABRICACIÓN DE PRODUCTOS FARMACÉUTICOS,1998,3.01
136,23 FABRICACIÓN DE OTROS PRODUCTOS MINERALES NO METÁLICO,1998,22350.14
137,27 FABRICACIÓN DE MATERIAL Y EQUIPO ELÉCTRICO,1998,69.13
138,28 FABRICACIÓN DE MAQUINARIA Y EQUIPO N.C.O.P.,1998,0.0
139,32 OTRAS INDUSTRIAS MANUFACTURERAS,1998,6.02
140,41 CONSTRUCCIÓN DE EDIFICIOS,1998,2182.09
141,"46 COMER.MAYOR E INTERME.COMERCIO,EXCEP.VEHÍCULOS MOTOR",1998,1981.55
142,"47 COMERCIO AL POR MENOR, EXCEPTO DE VEHÍCULOS DE MOTOR",1998,6.6
143,50 TRANSPORTE MARÍTIMO Y POR VÍAS NAVEGABLES INTERIORES,1998,1502.53
144,52 ALMACENAMIENTO Y ACTIVIDADES ANEXAS AL TRANSPORTE,1998,34.44
145,55 SERVICIOS DE ALOJAMIENTO,1998,122.61
146,56 SERVICIOS DE COMIDAS Y BEBIDAS,1998,92.2
147,58 EDICIÓN,1998,824.09
148,"62 PROGRAMACIÓN,CONSULTORÍA,OTRAS ACTIVIDADES RELAC.",1998,12.62
149,"64 SERVICIOS FINANCIEROS,EXCEP.SEGUROS Y FONDOS PENSION",1998,0.0
150,66 ACTIVIDADES AUXILIARES A LOS SERVICIOS FINANCIEROS,1998,183.31
151,68 ACTIVIDADES INMOBILIARIAS,1998,3140.33
152,69 ACTIVIDADES JURÍDICAS Y DE CONTABILIDAD,1998,422.69
153,70 ACTV. SEDES CENTRALES; ACTIV. CONSULTORÍA DE GESTIÓN,1998,487.06
154,71 SERVICIOS TECNICOS ARQUITECTURA E INGENIERIA,1998,18.04
155,73 PUBLICIDAD Y ESTUDIOS DE MERCADO,1998,131.32
156,"74 OTRAS ACTIV. PROFESIONALES, CIENTÍFICAS Y TÉCNICAS",1998,2.85
157,"79 ACTIVI. AGENCIAS VIAJE, OPERADOR TURÍST. RESERVAS",1998,141.24
158,82 ACTIVIDADES ADMINISTRATIVAS DE OFICINA,1998,0.6000000000000001
159,85 EDUCACIÓN,1998,4.51
160,86 ACTIVIDADES SANITARIAS,1998,4.51
161,"93 ACTIVIDADES DEPORTIVAS, RECREATIVAS Y DE ENTRETENIM.",1998,456.52
162,"01 AGRICULTURA, GANADERÍA, CAZA Y SERV. RELACIONADOS",1999,1.51
163,10 INDUSTRIA DE LA ALIMENTACIÓN,1999,60.7
164,11 FABRICACIÓN DE BEBIDAS,1999,296.91
165,13 INDUSTRIA TEXTIL,1999,6.01
166,20 INDUSTRIA QUÍMICA,1999,20647.8
167,23 FABRICACIÓN DE OTROS PRODUCTOS MINERALES NO METÁLICO,1999,3580.92
168,27 FABRICACIÓN DE MATERIAL Y EQUIPO ELÉCTRICO,1999,4033.74
169,"35 SUMINISTRO DE ENERGÍA ELÉCTRICA, GAS, VAPOR Y AIRE",1999,105.18
170,41 CONSTRUCCIÓN DE EDIFICIOS,1999,1361.5
171,43 ACTIVIDADES DE CONSTRUCCIÓN ESPECIALIZADA,1999,60.1
172,45 VENTA Y REPARACIÓN DE VEHÍCULOS DE MOTOR Y MOTOCICL.,1999,2.0
173,"46 COMER.MAYOR E INTERME.COMERCIO,EXCEP.VEHÍCULOS MOTOR",1999,283.49
174,"47 COMERCIO AL POR MENOR, EXCEPTO DE VEHÍCULOS DE MOTOR",1999,736.83
175,49 TRANSPORTE TERRESTRE Y POR TUBERÍA,1999,0.87
176,50 TRANSPORTE MARÍTIMO Y POR VÍAS NAVEGABLES INTERIORES,1999,1048.23
177,51 TRANSPORTE AÉREO,1999,6.01
178,52 ALMACENAMIENTO Y ACTIVIDADES ANEXAS AL TRANSPORTE,1999,0.0
179,55 SERVICIOS DE ALOJAMIENTO,1999,435.71
180,56 SERVICIOS DE COMIDAS Y BEBIDAS,1999,88.89
181,58 EDICIÓN,1999,738.57
182,61 TELECOMUNICACIONES,1999,0.6000000000000001
183,"62 PROGRAMACIÓN,CONSULTORÍA,OTRAS ACTIVIDADES RELAC.",1999,3.0
184,68 ACTIVIDADES INMOBILIARIAS,1999,14464.66
185,69 ACTIVIDADES JURÍDICAS Y DE CONTABILIDAD,1999,291.49
186,70 ACTV. SEDES CENTRALES; ACTIV. CONSULTORÍA DE GESTIÓN,1999,1.17
187,"74 OTRAS ACTIV. PROFESIONALES, CIENTÍFICAS Y TÉCNICAS",1999,235.44
188,82 ACTIVIDADES ADMINISTRATIVAS DE OFICINA,1999,1643.93
189,86 ACTIVIDADES SANITARIAS,1999,1.5
190,92 ACTIVIDADES DE JUEGOS DE AZAR Y APUESTAS,1999,0.0
191,96 OTROS SERVICIOS PERSONALES,1999,30.0
192,"01 AGRICULTURA, GANADERÍA, CAZA Y SERV. RELACIONADOS",2000,25499.03
193,13 INDUSTRIA TEXTIL,2000,3.01
194,18 ARTES GRÁFICAS Y REPRODUCCIÓN DE SOPORTES GRABADOS,2000,611.68
195,20 INDUSTRIA QUÍMICA,2000,0.0
196,22 FABRICACIÓN DE PRODUCTOS DE CAUCHO Y PLÁSTICOS,2000,6.01
197,23 FABRICACIÓN DE OTROS PRODUCTOS MINERALES NO METÁLICO,2000,0.0
198,"25 FABRICACIÓN DE PRODUCTOS METÁLICOS, EXCEPTO MAQUINAR",2000,6.01
199,27 FABRICACIÓN DE MATERIAL Y EQUIPO ELÉCTRICO,2000,3320.58
200,"29 FABRICACIÓN DE VEHÍCULOS DE MOTOR, REMOLQUES",2000,19.83
201,31 FABRICACIÓN DE MUEBLES,2000,13.5
202,33 REPARACIÓN E INSTALACIÓN DE MAQUINARIA Y EQUIPO,2000,60.48
203,41 CONSTRUCCIÓN DE EDIFICIOS,2000,20787.02
204,45 VENTA Y REPARACIÓN DE VEHÍCULOS DE MOTOR Y MOTOCICL.,2000,0.01
205,"46 COMER.MAYOR E INTERME.COMERCIO,EXCEP.VEHÍCULOS MOTOR",2000,2238.15
206,"47 COMERCIO AL POR MENOR, EXCEPTO DE VEHÍCULOS DE MOTOR",2000,12.37
207,50 TRANSPORTE MARÍTIMO Y POR VÍAS NAVEGABLES INTERIORES,2000,0.0
208,53 ACTIVIDADES POSTALES Y DE CORREOS,2000,524.3
209,55 SERVICIOS DE ALOJAMIENTO,2000,256.57
210,56 SERVICIOS DE COMIDAS Y BEBIDAS,2000,1654.43
211,58 EDICIÓN,2000,1642.06
212,"59 ACTIV. CINEMATOGRÁF, DE VÍDEO Y PROGRA. DE TV, GRAB.",2000,66.11
213,61 TELECOMUNICACIONES,2000,4166.32
214,"62 PROGRAMACIÓN,CONSULTORÍA,OTRAS ACTIVIDADES RELAC.",2000,3090.18
215,"64 SERVICIOS FINANCIEROS,EXCEP.SEGUROS Y FONDOS PENSION",2000,2802.6
216,66 ACTIVIDADES AUXILIARES A LOS SERVICIOS FINANCIEROS,2000,237.87
217,68 ACTIVIDADES INMOBILIARIAS,2000,1446.2
218,69 ACTIVIDADES JURÍDICAS Y DE CONTABILIDAD,2000,129.22
219,73 PUBLICIDAD Y ESTUDIOS DE MERCADO,2000,228.24
220,"74 OTRAS ACTIV. PROFESIONALES, CIENTÍFICAS Y TÉCNICAS",2000,988.44
221,82 ACTIVIDADES ADMINISTRATIVAS DE OFICINA,2000,6.91
222,85 EDUCACIÓN,2000,2.7
223,86 ACTIVIDADES SANITARIAS,2000,1.8
224,"93 ACTIVIDADES DEPORTIVAS, RECREATIVAS Y DE ENTRETENIM.",2000,164.0
225,11 FABRICACIÓN DE BEBIDAS,2001,42.19
226,13 INDUSTRIA TEXTIL,2001,3.03
227,14 CONFECCIÓN DE PRENDAS DE VESTIR,2001,171.29
228,18 ARTES GRÁFICAS Y REPRODUCCIÓN DE SOPORTES GRABADOS,2001,3.61
229,22 FABRICACIÓN DE PRODUCTOS DE CAUCHO Y PLÁSTICOS,2001,236.99
230,23 FABRICACIÓN DE OTROS PRODUCTOS MINERALES NO METÁLICO,2001,508.46
231,"25 FABRICACIÓN DE PRODUCTOS METÁLICOS, EXCEPTO MAQUINAR",2001,77.57
232,"26 FABRICACIÓN DE PRODUCTOS INFORMÁTICOS, ELECTRÓNICOS",2001,1.0
233,"29 FABRICACIÓN DE VEHÍCULOS DE MOTOR, REMOLQUES",2001,0.0
234,31 FABRICACIÓN DE MUEBLES,2001,1623.69
235,33 REPARACIÓN E INSTALACIÓN DE MAQUINARIA Y EQUIPO,2001,241.92
236,"35 SUMINISTRO DE ENERGÍA ELÉCTRICA, GAS, VAPOR Y AIRE",2001,599.75
237,41 CONSTRUCCIÓN DE EDIFICIOS,2001,1896.22
238,43 ACTIVIDADES DE CONSTRUCCIÓN ESPECIALIZADA,2001,396.46
239,"46 COMER.MAYOR E INTERME.COMERCIO,EXCEP.VEHÍCULOS MOTOR",2001,2008.76
240,"47 COMERCIO AL POR MENOR, EXCEPTO DE VEHÍCULOS DE MOTOR",2001,191.62
241,55 SERVICIOS DE ALOJAMIENTO,2001,5.99
242,56 SERVICIOS DE COMIDAS Y BEBIDAS,2001,20.72
243,58 EDICIÓN,2001,1516.8
244,"59 ACTIV. CINEMATOGRÁF, DE VÍDEO Y PROGRA. DE TV, GRAB.",2001,2.09
245,61 TELECOMUNICACIONES,2001,18322.04
246,"62 PROGRAMACIÓN,CONSULTORÍA,OTRAS ACTIVIDADES RELAC.",2001,150.05
247,"64 SERVICIOS FINANCIEROS,EXCEP.SEGUROS Y FONDOS PENSION",2001,353.73
248,66 ACTIVIDADES AUXILIARES A LOS SERVICIOS FINANCIEROS,2001,0.0
249,68 ACTIVIDADES INMOBILIARIAS,2001,6092.34
250,69 ACTIVIDADES JURÍDICAS Y DE CONTABILIDAD,2001,300.98
251,70 ACTV. SEDES CENTRALES; ACTIV. CONSULTORÍA DE GESTIÓN,2001,0.0
252,71 SERVICIOS TECNICOS ARQUITECTURA E INGENIERIA,2001,10.95
253,72 INVESTIGACIÓN Y DESARROLLO,2001,30.05
254,73 PUBLICIDAD Y ESTUDIOS DE MERCADO,2001,6.1
255,"74 OTRAS ACTIV. PROFESIONALES, CIENTÍFICAS Y TÉCNICAS",2001,270.35
256,85 EDUCACIÓN,2001,9.02
257,86 ACTIVIDADES SANITARIAS,2001,21.04
258,"90 ACTIVIDADES DE CREACIÓN, ARTÍSTICAS Y ESPECTÁCULOS",2001,0.6000000000000001
259,"93 ACTIVIDADES DEPORTIVAS, RECREATIVAS Y DE ENTRETENIM.",2001,14.86
260,08 OTRAS INDUSTRIAS EXTRACTIVAS,2002,0.0
261,10 INDUSTRIA DE LA ALIMENTACIÓN,2002,1.47
262,11 FABRICACIÓN DE BEBIDAS,2002,32.46
263,17 INDUSTRIA DEL PAPEL,2002,3.0
264,22 FABRICACIÓN DE PRODUCTOS DE CAUCHO Y PLÁSTICOS,2002,3000.0
265,"25 FABRICACIÓN DE PRODUCTOS METÁLICOS, EXCEPTO MAQUINAR",2002,90.7
266,28 FABRICACIÓN DE MAQUINARIA Y EQUIPO N.C.O.P.,2002,2302.46
267,31 FABRICACIÓN DE MUEBLES,2002,96.63
268,32 OTRAS INDUSTRIAS MANUFACTURERAS,2002,18.0
269,41 CONSTRUCCIÓN DE EDIFICIOS,2002,15619.3
270,"46 COMER.MAYOR E INTERME.COMERCIO,EXCEP.VEHÍCULOS MOTOR",2002,323.13
271,"47 COMERCIO AL POR MENOR, EXCEPTO DE VEHÍCULOS DE MOTOR",2002,865.5
272,55 SERVICIOS DE ALOJAMIENTO,2002,2512.96
273,56 SERVICIOS DE COMIDAS Y BEBIDAS,2002,3525.26
274,58 EDICIÓN,2002,263.21
275,"59 ACTIV. CINEMATOGRÁF, DE VÍDEO Y PROGRA. DE TV, GRAB.",2002,1.0
276,61 TELECOMUNICACIONES,2002,1.51
277,"62 PROGRAMACIÓN,CONSULTORÍA,OTRAS ACTIVIDADES RELAC.",2002,5.71
278,"64 SERVICIOS FINANCIEROS,EXCEP.SEGUROS Y FONDOS PENSION",2002,3.0
279,68 ACTIVIDADES INMOBILIARIAS,2002,70.41
280,69 ACTIVIDADES JURÍDICAS Y DE CONTABILIDAD,2002,1900.43
281,70 ACTV. SEDES CENTRALES; ACTIV. CONSULTORÍA DE GESTIÓN,2002,5.47
282,72 INVESTIGACIÓN Y DESARROLLO,2002,3.0
283,73 PUBLICIDAD Y ESTUDIOS DE MERCADO,2002,3.01
284,"74 OTRAS ACTIV. PROFESIONALES, CIENTÍFICAS Y TÉCNICAS",2002,4.53
285,"79 ACTIVI. AGENCIAS VIAJE, OPERADOR TURÍST. RESERVAS",2002,60.1
286,81 SERVICIOS A EDIFICIOS Y ACTIVIDADES DE JARDINERÍA,2002,17.99
287,82 ACTIVIDADES ADMINISTRATIVAS DE OFICINA,2002,2.7
288,85 EDUCACIÓN,2002,1.4
289,"93 ACTIVIDADES DEPORTIVAS, RECREATIVAS Y DE ENTRETENIM.",2002,24.9
290,96 OTROS SERVICIOS PERSONALES,2002,3.5
291,99 ACTIV. ORGANIZACIONES Y ORGANISMOS EXTRATERRITORIAL,2002,0.0
292,18 ARTES GRÁFICAS Y REPRODUCCIÓN DE SOPORTES GRABADOS,2003,2.2800000000000002
293,23 FABRICACIÓN DE OTROS PRODUCTOS MINERALES NO METÁLICO,2003,61.0
294,"24 METALURGIA; FABRICACION PRODUCTOS HIERRO, ACERO",2003,100.0
295,"25 FABRICACIÓN DE PRODUCTOS METÁLICOS, EXCEPTO MAQUINAR",2003,0.0
296,"26 FABRICACIÓN DE PRODUCTOS INFORMÁTICOS, ELECTRÓNICOS",2003,219.02
297,27 FABRICACIÓN DE MATERIAL Y EQUIPO ELÉCTRICO,2003,60.61
298,28 FABRICACIÓN DE MAQUINARIA Y EQUIPO N.C.O.P.,2003,130.0
299,41 CONSTRUCCIÓN DE EDIFICIOS,2003,7502.59
300,"46 COMER.MAYOR E INTERME.COMERCIO,EXCEP.VEHÍCULOS MOTOR",2003,804.96
301,"47 COMERCIO AL POR MENOR, EXCEPTO DE VEHÍCULOS DE MOTOR",2003,65.63
302,49 TRANSPORTE TERRESTRE Y POR TUBERÍA,2003,3.02
303,52 ALMACENAMIENTO Y ACTIVIDADES ANEXAS AL TRANSPORTE,2003,0.0
304,55 SERVICIOS DE ALOJAMIENTO,2003,2938.24
305,56 SERVICIOS DE COMIDAS Y BEBIDAS,2003,231.74
306,58 EDICIÓN,2003,1.59
307,"59 ACTIV. CINEMATOGRÁF, DE VÍDEO Y PROGRA. DE TV, GRAB.",2003,4.5
308,"62 PROGRAMACIÓN,CONSULTORÍA,OTRAS ACTIVIDADES RELAC.",2003,2.71
309,"64 SERVICIOS FINANCIEROS,EXCEP.SEGUROS Y FONDOS PENSION",2003,159.96
310,66 ACTIVIDADES AUXILIARES A LOS SERVICIOS FINANCIEROS,2003,3.01
311,68 ACTIVIDADES INMOBILIARIAS,2003,25890.53
312,69 ACTIVIDADES JURÍDICAS Y DE CONTABILIDAD,2003,3804.51
313,70 ACTV. SEDES CENTRALES; ACTIV. CONSULTORÍA DE GESTIÓN,2003,3.0
314,71 SERVICIOS TECNICOS ARQUITECTURA E INGENIERIA,2003,84.87
315,73 PUBLICIDAD Y ESTUDIOS DE MERCADO,2003,284.05
316,"74 OTRAS ACTIV. PROFESIONALES, CIENTÍFICAS Y TÉCNICAS",2003,0.0
317,81 SERVICIOS A EDIFICIOS Y ACTIVIDADES DE JARDINERÍA,2003,7.5
318,82 ACTIVIDADES ADMINISTRATIVAS DE OFICINA,2003,635.45
319,85 EDUCACIÓN,2003,50.0
320,"01 AGRICULTURA, GANADERÍA, CAZA Y SERV. RELACIONADOS",2004,3.5
321,10 INDUSTRIA DE LA ALIMENTACIÓN,2004,2030.01
322,20 INDUSTRIA QUÍMICA,2004,300.78
323,22 FABRICACIÓN DE PRODUCTOS DE CAUCHO Y PLÁSTICOS,2004,3760.0
324,28 FABRICACIÓN DE MAQUINARIA Y EQUIPO N.C.O.P.,2004,278.72
325,"29 FABRICACIÓN DE VEHÍCULOS DE MOTOR, REMOLQUES",2004,0.0
326,32 OTRAS INDUSTRIAS MANUFACTURERAS,2004,12.0
327,33 REPARACIÓN E INSTALACIÓN DE MAQUINARIA Y EQUIPO,2004,112.0
328,41 CONSTRUCCIÓN DE EDIFICIOS,2004,1924.57
329,43 ACTIVIDADES DE CONSTRUCCIÓN ESPECIALIZADA,2004,3.7
330,"46 COMER.MAYOR E INTERME.COMERCIO,EXCEP.VEHÍCULOS MOTOR",2004,2141.54
331,"47 COMERCIO AL POR MENOR, EXCEPTO DE VEHÍCULOS DE MOTOR",2004,9.48
332,50 TRANSPORTE MARÍTIMO Y POR VÍAS NAVEGABLES INTERIORES,2004,3.0
333,52 ALMACENAMIENTO Y ACTIVIDADES ANEXAS AL TRANSPORTE,2004,3.1
334,55 SERVICIOS DE ALOJAMIENTO,2004,281.07
335,56 SERVICIOS DE COMIDAS Y BEBIDAS,2004,298.88
336,58 EDICIÓN,2004,256.2
337,61 TELECOMUNICACIONES,2004,10.0
338,"62 PROGRAMACIÓN,CONSULTORÍA,OTRAS ACTIVIDADES RELAC.",2004,125.36
339,"64 SERVICIOS FINANCIEROS,EXCEP.SEGUROS Y FONDOS PENSION",2004,0.8
340,66 ACTIVIDADES AUXILIARES A LOS SERVICIOS FINANCIEROS,2004,36.09
341,68 ACTIVIDADES INMOBILIARIAS,2004,4317.55
342,69 ACTIVIDADES JURÍDICAS Y DE CONTABILIDAD,2004,1225.42
343,70 ACTV. SEDES CENTRALES; ACTIV. CONSULTORÍA DE GESTIÓN,2004,3.05
344,71 SERVICIOS TECNICOS ARQUITECTURA E INGENIERIA,2004,697.08
345,73 PUBLICIDAD Y ESTUDIOS DE MERCADO,2004,3.6
346,"74 OTRAS ACTIV. PROFESIONALES, CIENTÍFICAS Y TÉCNICAS",2004,404.47
347,78 ACTIVIDADES RELACIONADAS CON EL EMPLEO,2004,1.51
348,81 SERVICIOS A EDIFICIOS Y ACTIVIDADES DE JARDINERÍA,2004,0.0
349,85 EDUCACIÓN,2004,2.22
350,"95 REPARACIÓN ORDENADORES, EFECTOS PERSONALES",2004,0.0
351,10 INDUSTRIA DE LA ALIMENTACIÓN,2005,491.94
352,18 ARTES GRÁFICAS Y REPRODUCCIÓN DE SOPORTES GRABADOS,2005,513.36
353,20 INDUSTRIA QUÍMICA,2005,270.05
354,22 FABRICACIÓN DE PRODUCTOS DE CAUCHO Y PLÁSTICOS,2005,3000.0
355,28 FABRICACIÓN DE MAQUINARIA Y EQUIPO N.C.O.P.,2005,1.51
356,41 CONSTRUCCIÓN DE EDIFICIOS,2005,11417.97
357,43 ACTIVIDADES DE CONSTRUCCIÓN ESPECIALIZADA,2005,1059.7
358,"46 COMER.MAYOR E INTERME.COMERCIO,EXCEP.VEHÍCULOS MOTOR",2005,11142.11
359,"47 COMERCIO AL POR MENOR, EXCEPTO DE VEHÍCULOS DE MOTOR",2005,442.0
360,52 ALMACENAMIENTO Y ACTIVIDADES ANEXAS AL TRANSPORTE,2005,11.17
361,55 SERVICIOS DE ALOJAMIENTO,2005,153.31
362,56 SERVICIOS DE COMIDAS Y BEBIDAS,2005,44.36
363,58 EDICIÓN,2005,351.67
364,"59 ACTIV. CINEMATOGRÁF, DE VÍDEO Y PROGRA. DE TV, GRAB.",2005,0.0
365,60 ACTIVIDADES DE PROGRAMACIÓN Y EMISIÓN DE RADIO Y TEL,2005,1214.07
366,61 TELECOMUNICACIONES,2005,4.53
367,"62 PROGRAMACIÓN,CONSULTORÍA,OTRAS ACTIVIDADES RELAC.",2005,48.77
368,"64 SERVICIOS FINANCIEROS,EXCEP.SEGUROS Y FONDOS PENSION",2005,61594.9
369,66 ACTIVIDADES AUXILIARES A LOS SERVICIOS FINANCIEROS,2005,3.75
370,68 ACTIVIDADES INMOBILIARIAS,2005,15049.89
371,69 ACTIVIDADES JURÍDICAS Y DE CONTABILIDAD,2005,14.0
372,70 ACTV. SEDES CENTRALES; ACTIV. CONSULTORÍA DE GESTIÓN,2005,0.95
373,71 SERVICIOS TECNICOS ARQUITECTURA E INGENIERIA,2005,3.01
374,73 PUBLICIDAD Y ESTUDIOS DE MERCADO,2005,15.0
375,"74 OTRAS ACTIV. PROFESIONALES, CIENTÍFICAS Y TÉCNICAS",2005,3.5
376,77 ACTIVIDADES DE ALQUILER,2005,63.45
377,"79 ACTIVI. AGENCIAS VIAJE, OPERADOR TURÍST. RESERVAS",2005,425.23
378,80 ACTIVIDADES DE SEGURIDAD E INVESTIGACIÓN,2005,60.06
379,82 ACTIVIDADES ADMINISTRATIVAS DE OFICINA,2005,25.55
380,85 EDUCACIÓN,2005,5.0
381,"90 ACTIVIDADES DE CREACIÓN, ARTÍSTICAS Y ESPECTÁCULOS",2005,2.71
382,10 INDUSTRIA DE LA ALIMENTACIÓN,2006,2677.27
383,14 CONFECCIÓN DE PRENDAS DE VESTIR,2006,10.4
384,31 FABRICACIÓN DE MUEBLES,2006,0.0
385,33 REPARACIÓN E INSTALACIÓN DE MAQUINARIA Y EQUIPO,2006,0.72
386,41 CONSTRUCCIÓN DE EDIFICIOS,2006,9134.33
387,43 ACTIVIDADES DE CONSTRUCCIÓN ESPECIALIZADA,2006,4.22
388,45 VENTA Y REPARACIÓN DE VEHÍCULOS DE MOTOR Y MOTOCICL.,2006,3.7
389,"46 COMER.MAYOR E INTERME.COMERCIO,EXCEP.VEHÍCULOS MOTOR",2006,1330.88
390,"47 COMERCIO AL POR MENOR, EXCEPTO DE VEHÍCULOS DE MOTOR",2006,463.04
391,49 TRANSPORTE TERRESTRE Y POR TUBERÍA,2006,6.27
392,55 SERVICIOS DE ALOJAMIENTO,2006,6.0
393,56 SERVICIOS DE COMIDAS Y BEBIDAS,2006,48.0
394,58 EDICIÓN,2006,765.19
395,"59 ACTIV. CINEMATOGRÁF, DE VÍDEO Y PROGRA. DE TV, GRAB.",2006,3.15
396,60 ACTIVIDADES DE PROGRAMACIÓN Y EMISIÓN DE RADIO Y TEL,2006,59840.0
397,61 TELECOMUNICACIONES,2006,0.0
398,"64 SERVICIOS FINANCIEROS,EXCEP.SEGUROS Y FONDOS PENSION",2006,256.79
399,66 ACTIVIDADES AUXILIARES A LOS SERVICIOS FINANCIEROS,2006,4566.66
400,68 ACTIVIDADES INMOBILIARIAS,2006,21166.18
401,69 ACTIVIDADES JURÍDICAS Y DE CONTABILIDAD,2006,200.16
402,70 ACTV. SEDES CENTRALES; ACTIV. CONSULTORÍA DE GESTIÓN,2006,0.61
403,72 INVESTIGACIÓN Y DESARROLLO,2006,1.71
404,73 PUBLICIDAD Y ESTUDIOS DE MERCADO,2006,77.79
405,"74 OTRAS ACTIV. PROFESIONALES, CIENTÍFICAS Y TÉCNICAS",2006,1031.66
406,"79 ACTIVI. AGENCIAS VIAJE, OPERADOR TURÍST. RESERVAS",2006,648.9
407,80 ACTIVIDADES DE SEGURIDAD E INVESTIGACIÓN,2006,883.72
408,82 ACTIVIDADES ADMINISTRATIVAS DE OFICINA,2006,1523.0
409,85 EDUCACIÓN,2006,1.6
410,87 ASISTENCIA EN ESTABLECIMIENTOS RESIDENCIALES,2006,475.43
411,"01 AGRICULTURA, GANADERÍA, CAZA Y SERV. RELACIONADOS",2007,1.51
412,08 OTRAS INDUSTRIAS EXTRACTIVAS,2007,0.0
413,10 INDUSTRIA DE LA ALIMENTACIÓN,2007,2200.69
414,11 FABRICACIÓN DE BEBIDAS,2007,350.0
415,"16 INDUSTRIA MADERA Y CORCHO, EXCEPTO MUEBLES, CESTERÍA",2007,3.0
416,20 INDUSTRIA QUÍMICA,2007,0.0
417,22 FABRICACIÓN DE PRODUCTOS DE CAUCHO Y PLÁSTICOS,2007,1500.0
418,27 FABRICACIÓN DE MATERIAL Y EQUIPO ELÉCTRICO,2007,0.0
419,28 FABRICACIÓN DE MAQUINARIA Y EQUIPO N.C.O.P.,2007,0.0
420,"29 FABRICACIÓN DE VEHÍCULOS DE MOTOR, REMOLQUES",2007,0.0
421,30 FABRICACIÓN DE OTRO MATERIAL DE TRANSPORTE,2007,5.1
422,31 FABRICACIÓN DE MUEBLES,2007,0.0
423,33 REPARACIÓN E INSTALACIÓN DE MAQUINARIA Y EQUIPO,2007,51.27
424,"35 SUMINISTRO DE ENERGÍA ELÉCTRICA, GAS, VAPOR Y AIRE",2007,0.0
425,41 CONSTRUCCIÓN DE EDIFICIOS,2007,4142.58
426,43 ACTIVIDADES DE CONSTRUCCIÓN ESPECIALIZADA,2007,3.06
427,45 VENTA Y REPARACIÓN DE VEHÍCULOS DE MOTOR Y MOTOCICL.,2007,1.5
428,"46 COMER.MAYOR E INTERME.COMERCIO,EXCEP.VEHÍCULOS MOTOR",2007,1933.13
429,"47 COMERCIO AL POR MENOR, EXCEPTO DE VEHÍCULOS DE MOTOR",2007,195.74
430,52 ALMACENAMIENTO Y ACTIVIDADES ANEXAS AL TRANSPORTE,2007,0.0
431,55 SERVICIOS DE ALOJAMIENTO,2007,0.0
432,56 SERVICIOS DE COMIDAS Y BEBIDAS,2007,88.39
433,58 EDICIÓN,2007,0.0
434,"59 ACTIV. CINEMATOGRÁF, DE VÍDEO Y PROGRA. DE TV, GRAB.",2007,12.0
435,60 ACTIVIDADES DE PROGRAMACIÓN Y EMISIÓN DE RADIO Y TEL,2007,97519.99
436,"62 PROGRAMACIÓN,CONSULTORÍA,OTRAS ACTIVIDADES RELAC.",2007,71.81
437,"64 SERVICIOS FINANCIEROS,EXCEP.SEGUROS Y FONDOS PENSION",2007,3.5
438,68 ACTIVIDADES INMOBILIARIAS,2007,5292.35
439,69 ACTIVIDADES JURÍDICAS Y DE CONTABILIDAD,2007,51.69
440,70 ACTV. SEDES CENTRALES; ACTIV. CONSULTORÍA DE GESTIÓN,2007,6.01
441,71 SERVICIOS TECNICOS ARQUITECTURA E INGENIERIA,2007,3.01
442,73 PUBLICIDAD Y ESTUDIOS DE MERCADO,2007,46.26
443,"74 OTRAS ACTIV. PROFESIONALES, CIENTÍFICAS Y TÉCNICAS",2007,243.86
444,"79 ACTIVI. AGENCIAS VIAJE, OPERADOR TURÍST. RESERVAS",2007,0.0
445,80 ACTIVIDADES DE SEGURIDAD E INVESTIGACIÓN,2007,2354.85
446,82 ACTIVIDADES ADMINISTRATIVAS DE OFICINA,2007,0.0
447,87 ASISTENCIA EN ESTABLECIMIENTOS RESIDENCIALES,2007,0.0
448,"90 ACTIVIDADES DE CREACIÓN, ARTÍSTICAS Y ESPECTÁCULOS",2007,1.47
449,"93 ACTIVIDADES DEPORTIVAS, RECREATIVAS Y DE ENTRETENIM.",2007,15.0
450,94 ACTIVIDADES ASOCIATIVAS,2007,0.0
451,"01 AGRICULTURA, GANADERÍA, CAZA Y SERV. RELACIONADOS",2008,12.96
452,08 OTRAS INDUSTRIAS EXTRACTIVAS,2008,0.0
453,10 INDUSTRIA DE LA ALIMENTACIÓN,2008,1.31
454,11 FABRICACIÓN DE BEBIDAS,2008,40.0
455,"16 INDUSTRIA MADERA Y CORCHO, EXCEPTO MUEBLES, CESTERÍA",2008,0.0
456,20 INDUSTRIA QUÍMICA,2008,3.1
457,22 FABRICACIÓN DE PRODUCTOS DE CAUCHO Y PLÁSTICOS,2008,10800.0
458,23 FABRICACIÓN DE OTROS PRODUCTOS MINERALES NO METÁLICO,2008,3.0
459,"26 FABRICACIÓN DE PRODUCTOS INFORMÁTICOS, ELECTRÓNICOS",2008,1.5
460,27 FABRICACIÓN DE MATERIAL Y EQUIPO ELÉCTRICO,2008,0.0
461,28 FABRICACIÓN DE MAQUINARIA Y EQUIPO N.C.O.P.,2008,6605.18
462,31 FABRICACIÓN DE MUEBLES,2008,0.0
463,"35 SUMINISTRO DE ENERGÍA ELÉCTRICA, GAS, VAPOR Y AIRE",2008,936.0
464,41 CONSTRUCCIÓN DE EDIFICIOS,2008,3312.62
465,43 ACTIVIDADES DE CONSTRUCCIÓN ESPECIALIZADA,2008,15.59
466,"46 COMER.MAYOR E INTERME.COMERCIO,EXCEP.VEHÍCULOS MOTOR",2008,4266.4
467,"47 COMERCIO AL POR MENOR, EXCEPTO DE VEHÍCULOS DE MOTOR",2008,446.0
468,55 SERVICIOS DE ALOJAMIENTO,2008,700.4
469,56 SERVICIOS DE COMIDAS Y BEBIDAS,2008,122.41
470,58 EDICIÓN,2008,1387.65
471,"59 ACTIV. CINEMATOGRÁF, DE VÍDEO Y PROGRA. DE TV, GRAB.",2008,1.5
472,60 ACTIVIDADES DE PROGRAMACIÓN Y EMISIÓN DE RADIO Y TEL,2008,28000.0
473,"62 PROGRAMACIÓN,CONSULTORÍA,OTRAS ACTIVIDADES RELAC.",2008,2063.76
474,68 ACTIVIDADES INMOBILIARIAS,2008,4356.91
475,70 ACTV. SEDES CENTRALES; ACTIV. CONSULTORÍA DE GESTIÓN,2008,28.02
476,71 SERVICIOS TECNICOS ARQUITECTURA E INGENIERIA,2008,0.0
477,72 INVESTIGACIÓN Y DESARROLLO,2008,37.08
478,73 PUBLICIDAD Y ESTUDIOS DE MERCADO,2008,38.89
479,"74 OTRAS ACTIV. PROFESIONALES, CIENTÍFICAS Y TÉCNICAS",2008,183.03
480,78 ACTIVIDADES RELACIONADAS CON EL EMPLEO,2008,0.27
481,80 ACTIVIDADES DE SEGURIDAD E INVESTIGACIÓN,2008,2382.78
482,81 SERVICIOS A EDIFICIOS Y ACTIVIDADES DE JARDINERÍA,2008,3.01
483,82 ACTIVIDADES ADMINISTRATIVAS DE OFICINA,2008,1519.17
484,86 ACTIVIDADES SANITARIAS,2008,3.02
485,"90 ACTIVIDADES DE CREACIÓN, ARTÍSTICAS Y ESPECTÁCULOS",2008,218.7
486,"93 ACTIVIDADES DEPORTIVAS, RECREATIVAS Y DE ENTRETENIM.",2008,7.41
487,94 ACTIVIDADES ASOCIATIVAS,2008,0.0
488,96 OTROS SERVICIOS PERSONALES,2008,3.01
489,"01 AGRICULTURA, GANADERÍA, CAZA Y SERV. RELACIONADOS",2009,2.5
490,08 OTRAS INDUSTRIAS EXTRACTIVAS,2009,0.0
491,10 INDUSTRIA DE LA ALIMENTACIÓN,2009,0.0
492,11 FABRICACIÓN DE BEBIDAS,2009,195.74
493,"16 INDUSTRIA MADERA Y CORCHO, EXCEPTO MUEBLES, CESTERÍA",2009,227.43
494,20 INDUSTRIA QUÍMICA,2009,0.0
495,22 FABRICACIÓN DE PRODUCTOS DE CAUCHO Y PLÁSTICOS,2009,928.02
496,23 FABRICACIÓN DE OTROS PRODUCTOS MINERALES NO METÁLICO,2009,5040.0
497,27 FABRICACIÓN DE MATERIAL Y EQUIPO ELÉCTRICO,2009,0.0
498,28 FABRICACIÓN DE MAQUINARIA Y EQUIPO N.C.O.P.,2009,64.05
499,31 FABRICACIÓN DE MUEBLES,2009,0.0
500,32 OTRAS INDUSTRIAS MANUFACTURERAS,2009,3.01
501,33 REPARACIÓN E INSTALACIÓN DE MAQUINARIA Y EQUIPO,2009,51.92
502,"35 SUMINISTRO DE ENERGÍA ELÉCTRICA, GAS, VAPOR Y AIRE",2009,0.0
503,41 CONSTRUCCIÓN DE EDIFICIOS,2009,4172.33
504,42 INGENIERÍA CIVIL,2009,101.55
505,43 ACTIVIDADES DE CONSTRUCCIÓN ESPECIALIZADA,2009,96.0
506,"46 COMER.MAYOR E INTERME.COMERCIO,EXCEP.VEHÍCULOS MOTOR",2009,368.2
507,"47 COMERCIO AL POR MENOR, EXCEPTO DE VEHÍCULOS DE MOTOR",2009,135.94
508,52 ALMACENAMIENTO Y ACTIVIDADES ANEXAS AL TRANSPORTE,2009,1.53
509,55 SERVICIOS DE ALOJAMIENTO,2009,1082.5
510,56 SERVICIOS DE COMIDAS Y BEBIDAS,2009,490.25
511,58 EDICIÓN,2009,371.64
512,60 ACTIVIDADES DE PROGRAMACIÓN Y EMISIÓN DE RADIO Y TEL,2009,54015.43
513,"62 PROGRAMACIÓN,CONSULTORÍA,OTRAS ACTIVIDADES RELAC.",2009,2090.1
514,"64 SERVICIOS FINANCIEROS,EXCEP.SEGUROS Y FONDOS PENSION",2009,1038.23
515,68 ACTIVIDADES INMOBILIARIAS,2009,15892.96
516,69 ACTIVIDADES JURÍDICAS Y DE CONTABILIDAD,2009,2.98
517,70 ACTV. SEDES CENTRALES; ACTIV. CONSULTORÍA DE GESTIÓN,2009,3.01
518,71 SERVICIOS TECNICOS ARQUITECTURA E INGENIERIA,2009,3.1
519,73 PUBLICIDAD Y ESTUDIOS DE MERCADO,2009,6.01
520,"74 OTRAS ACTIV. PROFESIONALES, CIENTÍFICAS Y TÉCNICAS",2009,61.0
521,"79 ACTIVI. AGENCIAS VIAJE, OPERADOR TURÍST. RESERVAS",2009,10.0
522,80 ACTIVIDADES DE SEGURIDAD E INVESTIGACIÓN,2009,1543.92
523,81 SERVICIOS A EDIFICIOS Y ACTIVIDADES DE JARDINERÍA,2009,0.0
524,82 ACTIVIDADES ADMINISTRATIVAS DE OFICINA,2009,32.5
525,85 EDUCACIÓN,2009,15.0
526,86 ACTIVIDADES SANITARIAS,2009,0.0
527,"93 ACTIVIDADES DEPORTIVAS, RECREATIVAS Y DE ENTRETENIM.",2009,24.99
528,94 ACTIVIDADES ASOCIATIVAS,2009,0.0
529,96 OTROS SERVICIOS PERSONALES,2009,3.06
530,99 ACTIV. ORGANIZACIONES Y ORGANISMOS EXTRATERRITORIAL,2009,4.0
531,"01 AGRICULTURA, GANADERÍA, CAZA Y SERV. RELACIONADOS",2010,2376.92
532,08 OTRAS INDUSTRIAS EXTRACTIVAS,2010,0.0
533,10 INDUSTRIA DE LA ALIMENTACIÓN,2010,67022.43
534,11 FABRICACIÓN DE BEBIDAS,2010,0.0
535,14 CONFECCIÓN DE PRENDAS DE VESTIR,2010,0.75
536,15 INDUSTRIA DEL CUERO Y DEL CALZADO,2010,6.25
537,"16 INDUSTRIA MADERA Y CORCHO, EXCEPTO MUEBLES, CESTERÍA",2010,0.0
538,20 INDUSTRIA QUÍMICA,2010,378.01
539,22 FABRICACIÓN DE PRODUCTOS DE CAUCHO Y PLÁSTICOS,2010,0.0
540,23 FABRICACIÓN DE OTROS PRODUCTOS MINERALES NO METÁLICO,2010,0.0
541,27 FABRICACIÓN DE MATERIAL Y EQUIPO ELÉCTRICO,2010,0.0
542,28 FABRICACIÓN DE MAQUINARIA Y EQUIPO N.C.O.P.,2010,0.0
543,31 FABRICACIÓN DE MUEBLES,2010,205.0
544,32 OTRAS INDUSTRIAS MANUFACTURERAS,2010,115.79
545,"35 SUMINISTRO DE ENERGÍA ELÉCTRICA, GAS, VAPOR Y AIRE",2010,0.0
546,41 CONSTRUCCIÓN DE EDIFICIOS,2010,2509.87
547,"46 COMER.MAYOR E INTERME.COMERCIO,EXCEP.VEHÍCULOS MOTOR",2010,1519.79
548,"47 COMERCIO AL POR MENOR, EXCEPTO DE VEHÍCULOS DE MOTOR",2010,53.04
549,49 TRANSPORTE TERRESTRE Y POR TUBERÍA,2010,0.05
550,52 ALMACENAMIENTO Y ACTIVIDADES ANEXAS AL TRANSPORTE,2010,0.0
551,55 SERVICIOS DE ALOJAMIENTO,2010,431.11
552,56 SERVICIOS DE COMIDAS Y BEBIDAS,2010,544.04
553,58 EDICIÓN,2010,1372.05
554,"59 ACTIV. CINEMATOGRÁF, DE VÍDEO Y PROGRA. DE TV, GRAB.",2010,597.39
555,60 ACTIVIDADES DE PROGRAMACIÓN Y EMISIÓN DE RADIO Y TEL,2010,0.0
556,"62 PROGRAMACIÓN,CONSULTORÍA,OTRAS ACTIVIDADES RELAC.",2010,1462.24
557,"64 SERVICIOS FINANCIEROS,EXCEP.SEGUROS Y FONDOS PENSION",2010,0.0
558,68 ACTIVIDADES INMOBILIARIAS,2010,17674.83
559,69 ACTIVIDADES JURÍDICAS Y DE CONTABILIDAD,2010,2.09
560,70 ACTV. SEDES CENTRALES; ACTIV. CONSULTORÍA DE GESTIÓN,2010,35.48
561,73 PUBLICIDAD Y ESTUDIOS DE MERCADO,2010,13.98
562,"74 OTRAS ACTIV. PROFESIONALES, CIENTÍFICAS Y TÉCNICAS",2010,7.02
563,80 ACTIVIDADES DE SEGURIDAD E INVESTIGACIÓN,2010,3326.18
564,81 SERVICIOS A EDIFICIOS Y ACTIVIDADES DE JARDINERÍA,2010,0.0
565,82 ACTIVIDADES ADMINISTRATIVAS DE OFICINA,2010,1.5
566,85 EDUCACIÓN,2010,6.11
567,"91 ACTIV. DE BIBLIOTECAS, ARCHIVOS, MUSEOS Y OTRAS",2010,0.0
568,92 ACTIVIDADES DE JUEGOS DE AZAR Y APUESTAS,2010,0.0
569,"93 ACTIVIDADES DEPORTIVAS, RECREATIVAS Y DE ENTRETENIM.",2010,3.01
570,94 ACTIVIDADES ASOCIATIVAS,2010,0.0
571,96 OTROS SERVICIOS PERSONALES,2010,0.0
572,"01 AGRICULTURA, GANADERÍA, CAZA Y SERV. RELACIONADOS",2011,0.0
573,08 OTRAS INDUSTRIAS EXTRACTIVAS,2011,0.0
574,10 INDUSTRIA DE LA ALIMENTACIÓN,2011,0.0
575,11 FABRICACIÓN DE BEBIDAS,2011,0.0
576,13 INDUSTRIA TEXTIL,2011,2.99
577,14 CONFECCIÓN DE PRENDAS DE VESTIR,2011,0.0
578,20 INDUSTRIA QUÍMICA,2011,88.0
579,21 FABRICACIÓN DE PRODUCTOS FARMACÉUTICOS,2011,3.01
580,22 FABRICACIÓN DE PRODUCTOS DE CAUCHO Y PLÁSTICOS,2011,0.0
581,23 FABRICACIÓN DE OTROS PRODUCTOS MINERALES NO METÁLICO,2011,0.0
582,"24 METALURGIA; FABRICACION PRODUCTOS HIERRO, ACERO",2011,4.9
583,"26 FABRICACIÓN DE PRODUCTOS INFORMÁTICOS, ELECTRÓNICOS",2011,1.78
584,27 FABRICACIÓN DE MATERIAL Y EQUIPO ELÉCTRICO,2011,0.0
585,28 FABRICACIÓN DE MAQUINARIA Y EQUIPO N.C.O.P.,2011,0.0
586,31 FABRICACIÓN DE MUEBLES,2011,100.0
587,32 OTRAS INDUSTRIAS MANUFACTURERAS,2011,25.0
588,"35 SUMINISTRO DE ENERGÍA ELÉCTRICA, GAS, VAPOR Y AIRE",2011,0.0
589,"36 CAPTACIÓN, DEPURACIÓN Y DISTRIBUCIÓN DE AGUA",2011,2.26
590,41 CONSTRUCCIÓN DE EDIFICIOS,2011,5345.32
591,43 ACTIVIDADES DE CONSTRUCCIÓN ESPECIALIZADA,2011,776.65
592,45 VENTA Y REPARACIÓN DE VEHÍCULOS DE MOTOR Y MOTOCICL.,2011,0.2
593,"46 COMER.MAYOR E INTERME.COMERCIO,EXCEP.VEHÍCULOS MOTOR",2011,2250.61
594,"47 COMERCIO AL POR MENOR, EXCEPTO DE VEHÍCULOS DE MOTOR",2011,1009.87
595,55 SERVICIOS DE ALOJAMIENTO,2011,8666.95
596,56 SERVICIOS DE COMIDAS Y BEBIDAS,2011,0.76
597,58 EDICIÓN,2011,5550.45
598,"59 ACTIV. CINEMATOGRÁF, DE VÍDEO Y PROGRA. DE TV, GRAB.",2011,785.02
599,60 ACTIVIDADES DE PROGRAMACIÓN Y EMISIÓN DE RADIO Y TEL,2011,0.0
600,61 TELECOMUNICACIONES,2011,7.2
601,"62 PROGRAMACIÓN,CONSULTORÍA,OTRAS ACTIVIDADES RELAC.",2011,700.45
602,"64 SERVICIOS FINANCIEROS,EXCEP.SEGUROS Y FONDOS PENSION",2011,6.0
603,68 ACTIVIDADES INMOBILIARIAS,2011,6854.97
604,69 ACTIVIDADES JURÍDICAS Y DE CONTABILIDAD,2011,0.0
605,70 ACTV. SEDES CENTRALES; ACTIV. CONSULTORÍA DE GESTIÓN,2011,2380.95
606,72 INVESTIGACIÓN Y DESARROLLO,2011,4.05
607,73 PUBLICIDAD Y ESTUDIOS DE MERCADO,2011,553.42
608,"74 OTRAS ACTIV. PROFESIONALES, CIENTÍFICAS Y TÉCNICAS",2011,3201.66
609,78 ACTIVIDADES RELACIONADAS CON EL EMPLEO,2011,200.0
610,80 ACTIVIDADES DE SEGURIDAD E INVESTIGACIÓN,2011,749.86
611,81 SERVICIOS A EDIFICIOS Y ACTIVIDADES DE JARDINERÍA,2011,0.0
612,82 ACTIVIDADES ADMINISTRATIVAS DE OFICINA,2011,3612.26
613,85 EDUCACIÓN,2011,3.0
614,"90 ACTIVIDADES DE CREACIÓN, ARTÍSTICAS Y ESPECTÁCULOS",2011,979.85
615,92 ACTIVIDADES DE JUEGOS DE AZAR Y APUESTAS,2011,3.0
616,"93 ACTIVIDADES DEPORTIVAS, RECREATIVAS Y DE ENTRETENIM.",2011,0.0
617,94 ACTIVIDADES ASOCIATIVAS,2011,0.26
618,96 OTROS SERVICIOS PERSONALES,2011,19.43
619,"01 AGRICULTURA, GANADERÍA, CAZA Y SERV. RELACIONADOS",2012,2.41
620,08 OTRAS INDUSTRIAS EXTRACTIVAS,2012,0.0
621,10 INDUSTRIA DE LA ALIMENTACIÓN,2012,0.0
622,11 FABRICACIÓN DE BEBIDAS,2012,50.0
623,18 ARTES GRÁFICAS Y REPRODUCCIÓN DE SOPORTES GRABADOS,2012,303.59
624,20 INDUSTRIA QUÍMICA,2012,6007.81
625,21 FABRICACIÓN DE PRODUCTOS FARMACÉUTICOS,2012,1609.27
626,22 FABRICACIÓN DE PRODUCTOS DE CAUCHO Y PLÁSTICOS,2012,0.0
627,23 FABRICACIÓN DE OTROS PRODUCTOS MINERALES NO METÁLICO,2012,0.0
628,"25 FABRICACIÓN DE PRODUCTOS METÁLICOS, EXCEPTO MAQUINAR",2012,3.6
629,27 FABRICACIÓN DE MATERIAL Y EQUIPO ELÉCTRICO,2012,0.0
630,28 FABRICACIÓN DE MAQUINARIA Y EQUIPO N.C.O.P.,2012,0.0
631,31 FABRICACIÓN DE MUEBLES,2012,200.0
632,33 REPARACIÓN E INSTALACIÓN DE MAQUINARIA Y EQUIPO,2012,300.23
633,"35 SUMINISTRO DE ENERGÍA ELÉCTRICA, GAS, VAPOR Y AIRE",2012,130.0
634,41 CONSTRUCCIÓN DE EDIFICIOS,2012,4744.51
635,43 ACTIVIDADES DE CONSTRUCCIÓN ESPECIALIZADA,2012,0.0
636,"46 COMER.MAYOR E INTERME.COMERCIO,EXCEP.VEHÍCULOS MOTOR",2012,731.86
637,"47 COMERCIO AL POR MENOR, EXCEPTO DE VEHÍCULOS DE MOTOR",2012,28036.31
638,55 SERVICIOS DE ALOJAMIENTO,2012,546.75
639,56 SERVICIOS DE COMIDAS Y BEBIDAS,2012,37.56
640,58 EDICIÓN,2012,818.38
641,"59 ACTIV. CINEMATOGRÁF, DE VÍDEO Y PROGRA. DE TV, GRAB.",2012,1812.5
642,60 ACTIVIDADES DE PROGRAMACIÓN Y EMISIÓN DE RADIO Y TEL,2012,0.0
643,61 TELECOMUNICACIONES,2012,2008.0
644,"62 PROGRAMACIÓN,CONSULTORÍA,OTRAS ACTIVIDADES RELAC.",2012,394.42
645,63 SERVICIOS DE INFORMACIÓN,2012,0.0
646,"64 SERVICIOS FINANCIEROS,EXCEP.SEGUROS Y FONDOS PENSION",2012,0.0
647,68 ACTIVIDADES INMOBILIARIAS,2012,494640.58
648,69 ACTIVIDADES JURÍDICAS Y DE CONTABILIDAD,2012,2.26
649,70 ACTV. SEDES CENTRALES; ACTIV. CONSULTORÍA DE GESTIÓN,2012,3504.45
650,71 SERVICIOS TECNICOS ARQUITECTURA E INGENIERIA,2012,0.9
651,73 PUBLICIDAD Y ESTUDIOS DE MERCADO,2012,11.58
652,"74 OTRAS ACTIV. PROFESIONALES, CIENTÍFICAS Y TÉCNICAS",2012,0.0
653,80 ACTIVIDADES DE SEGURIDAD E INVESTIGACIÓN,2012,1184.78
654,81 SERVICIOS A EDIFICIOS Y ACTIVIDADES DE JARDINERÍA,2012,0.0
655,82 ACTIVIDADES ADMINISTRATIVAS DE OFICINA,2012,3.0
656,85 EDUCACIÓN,2012,0.0
657,"93 ACTIVIDADES DEPORTIVAS, RECREATIVAS Y DE ENTRETENIM.",2012,7608.42
658,94 ACTIVIDADES ASOCIATIVAS,2012,0.0
659,"01 AGRICULTURA, GANADERÍA, CAZA Y SERV. RELACIONADOS",2013,580.73
660,08 OTRAS INDUSTRIAS EXTRACTIVAS,2013,550.0
661,10 INDUSTRIA DE LA ALIMENTACIÓN,2013,2686.63
662,11 FABRICACIÓN DE BEBIDAS,2013,5.6
663,20 INDUSTRIA QUÍMICA,2013,4503.0
664,22 FABRICACIÓN DE PRODUCTOS DE CAUCHO Y PLÁSTICOS,2013,0.0
665,23 FABRICACIÓN DE OTROS PRODUCTOS MINERALES NO METÁLICO,2013,0.0
666,"25 FABRICACIÓN DE PRODUCTOS METÁLICOS, EXCEPTO MAQUINAR",2013,46.8
667,27 FABRICACIÓN DE MATERIAL Y EQUIPO ELÉCTRICO,2013,0.0
668,28 FABRICACIÓN DE MAQUINARIA Y EQUIPO N.C.O.P.,2013,0.0
669,33 REPARACIÓN E INSTALACIÓN DE MAQUINARIA Y EQUIPO,2013,229.86
670,"35 SUMINISTRO DE ENERGÍA ELÉCTRICA, GAS, VAPOR Y AIRE",2013,0.0
671,41 CONSTRUCCIÓN DE EDIFICIOS,2013,55085.51
672,"46 COMER.MAYOR E INTERME.COMERCIO,EXCEP.VEHÍCULOS MOTOR",2013,2733.49
673,"47 COMERCIO AL POR MENOR, EXCEPTO DE VEHÍCULOS DE MOTOR",2013,154.7
674,49 TRANSPORTE TERRESTRE Y POR TUBERÍA,2013,0.0
675,50 TRANSPORTE MARÍTIMO Y POR VÍAS NAVEGABLES INTERIORES,2013,82.7
676,55 SERVICIOS DE ALOJAMIENTO,2013,22740.94
677,56 SERVICIOS DE COMIDAS Y BEBIDAS,2013,744.07
678,58 EDICIÓN,2013,854.68
679,"59 ACTIV. CINEMATOGRÁF, DE VÍDEO Y PROGRA. DE TV, GRAB.",2013,29.69
680,61 TELECOMUNICACIONES,2013,0.75
681,"62 PROGRAMACIÓN,CONSULTORÍA,OTRAS ACTIVIDADES RELAC.",2013,2.17
682,63 SERVICIOS DE INFORMACIÓN,2013,0.0
683,"64 SERVICIOS FINANCIEROS,EXCEP.SEGUROS Y FONDOS PENSION",2013,1310.92
684,66 ACTIVIDADES AUXILIARES A LOS SERVICIOS FINANCIEROS,2013,90084.05
685,68 ACTIVIDADES INMOBILIARIAS,2013,106266.32
686,69 ACTIVIDADES JURÍDICAS Y DE CONTABILIDAD,2013,20.02
687,70 ACTV. SEDES CENTRALES; ACTIV. CONSULTORÍA DE GESTIÓN,2013,0.0
688,71 SERVICIOS TECNICOS ARQUITECTURA E INGENIERIA,2013,4640.02
689,72 INVESTIGACIÓN Y DESARROLLO,2013,9.78
690,73 PUBLICIDAD Y ESTUDIOS DE MERCADO,2013,46.59
691,77 ACTIVIDADES DE ALQUILER,2013,1705.0
692,78 ACTIVIDADES RELACIONADAS CON EL EMPLEO,2013,0.0
693,80 ACTIVIDADES DE SEGURIDAD E INVESTIGACIÓN,2013,1249.91
694,81 SERVICIOS A EDIFICIOS Y ACTIVIDADES DE JARDINERÍA,2013,0.0
695,82 ACTIVIDADES ADMINISTRATIVAS DE OFICINA,2013,1.6800000000000002
696,85 EDUCACIÓN,2013,0.0
697,"93 ACTIVIDADES DEPORTIVAS, RECREATIVAS Y DE ENTRETENIM.",2013,45.81
698,94 ACTIVIDADES ASOCIATIVAS,2013,13000.0
699,96 OTROS SERVICIOS PERSONALES,2013,10.0
700,"01 AGRICULTURA, GANADERÍA, CAZA Y SERV. RELACIONADOS",2014,1800.97
701,10 INDUSTRIA DE LA ALIMENTACIÓN,2014,550685.82
702,11 FABRICACIÓN DE BEBIDAS,2014,3.38
703,13 INDUSTRIA TEXTIL,2014,113.92
704,15 INDUSTRIA DEL CUERO Y DEL CALZADO,2014,0.03
705,20 INDUSTRIA QUÍMICA,2014,1745.0
706,21 FABRICACIÓN DE PRODUCTOS FARMACÉUTICOS,2014,0.0
707,22 FABRICACIÓN DE PRODUCTOS DE CAUCHO Y PLÁSTICOS,2014,17.94
708,23 FABRICACIÓN DE OTROS PRODUCTOS MINERALES NO METÁLICO,2014,0.0
709,"24 METALURGIA; FABRICACION PRODUCTOS HIERRO, ACERO",2014,12959.99
710,27 FABRICACIÓN DE MATERIAL Y EQUIPO ELÉCTRICO,2014,0.0
711,28 FABRICACIÓN DE MAQUINARIA Y EQUIPO N.C.O.P.,2014,3.02
712,31 FABRICACIÓN DE MUEBLES,2014,34.0
713,"35 SUMINISTRO DE ENERGÍA ELÉCTRICA, GAS, VAPOR Y AIRE",2014,500.0
714,41 CONSTRUCCIÓN DE EDIFICIOS,2014,2971.95
715,42 INGENIERÍA CIVIL,2014,501461.18
716,43 ACTIVIDADES DE CONSTRUCCIÓN ESPECIALIZADA,2014,3.0
717,"46 COMER.MAYOR E INTERME.COMERCIO,EXCEP.VEHÍCULOS MOTOR",2014,365.38
718,"47 COMERCIO AL POR MENOR, EXCEPTO DE VEHÍCULOS DE MOTOR",2014,376.74
719,49 TRANSPORTE TERRESTRE Y POR TUBERÍA,2014,0.0
720,50 TRANSPORTE MARÍTIMO Y POR VÍAS NAVEGABLES INTERIORES,2014,30.0
721,52 ALMACENAMIENTO Y ACTIVIDADES ANEXAS AL TRANSPORTE,2014,11.1
722,55 SERVICIOS DE ALOJAMIENTO,2014,801.08
723,56 SERVICIOS DE COMIDAS Y BEBIDAS,2014,316.65
724,58 EDICIÓN,2014,0.0
725,"59 ACTIV. CINEMATOGRÁF, DE VÍDEO Y PROGRA. DE TV, GRAB.",2014,1000.0
726,"62 PROGRAMACIÓN,CONSULTORÍA,OTRAS ACTIVIDADES RELAC.",2014,415.07
727,63 SERVICIOS DE INFORMACIÓN,2014,3074.96
728,"64 SERVICIOS FINANCIEROS,EXCEP.SEGUROS Y FONDOS PENSION",2014,10.6
729,"65 SEGUROS,REASEGURO.FONDOS PENSION, EXCEPTO S.SOCIAL",2014,266.67
730,66 ACTIVIDADES AUXILIARES A LOS SERVICIOS FINANCIEROS,2014,153.0
731,68 ACTIVIDADES INMOBILIARIAS,2014,43266.46
732,69 ACTIVIDADES JURÍDICAS Y DE CONTABILIDAD,2014,37.22
733,70 ACTV. SEDES CENTRALES; ACTIV. CONSULTORÍA DE GESTIÓN,2014,3.08
734,73 PUBLICIDAD Y ESTUDIOS DE MERCADO,2014,21.8
735,77 ACTIVIDADES DE ALQUILER,2014,112.0
736,80 ACTIVIDADES DE SEGURIDAD E INVESTIGACIÓN,2014,0.0
737,81 SERVICIOS A EDIFICIOS Y ACTIVIDADES DE JARDINERÍA,2014,0.0
738,82 ACTIVIDADES ADMINISTRATIVAS DE OFICINA,2014,658.79
739,85 EDUCACIÓN,2014,40.0
740,"90 ACTIVIDADES DE CREACIÓN, ARTÍSTICAS Y ESPECTÁCULOS",2014,7.5
741,"93 ACTIVIDADES DEPORTIVAS, RECREATIVAS Y DE ENTRETENIM.",2014,3.0
742,96 OTROS SERVICIOS PERSONALES,2014,44.13
743,"01 AGRICULTURA, GANADERÍA, CAZA Y SERV. RELACIONADOS",2015,6257.97
744,08 OTRAS INDUSTRIAS EXTRACTIVAS,2015,0.0
745,09 ACTIVIDADES DE APOYO A LAS INDUSTRIAS EXTRACTIVAS,2015,30.0
746,10 INDUSTRIA DE LA ALIMENTACIÓN,2015,340043.05
747,11 FABRICACIÓN DE BEBIDAS,2015,2467.3
748,13 INDUSTRIA TEXTIL,2015,663.19
749,"16 INDUSTRIA MADERA Y CORCHO, EXCEPTO MUEBLES, CESTERÍA",2015,0.0
750,20 INDUSTRIA QUÍMICA,2015,57177.82
751,22 FABRICACIÓN DE PRODUCTOS DE CAUCHO Y PLÁSTICOS,2015,0.0
752,23 FABRICACIÓN DE OTROS PRODUCTOS MINERALES NO METÁLICO,2015,0.0
753,"24 METALURGIA; FABRICACION PRODUCTOS HIERRO, ACERO",2015,0.0
754,"25 FABRICACIÓN DE PRODUCTOS METÁLICOS, EXCEPTO MAQUINAR",2015,2248.65
755,27 FABRICACIÓN DE MATERIAL Y EQUIPO ELÉCTRICO,2015,0.0
756,28 FABRICACIÓN DE MAQUINARIA Y EQUIPO N.C.O.P.,2015,0.0
757,"35 SUMINISTRO DE ENERGÍA ELÉCTRICA, GAS, VAPOR Y AIRE",2015,0.0
758,41 CONSTRUCCIÓN DE EDIFICIOS,2015,62294.71
759,42 INGENIERÍA CIVIL,2015,2482.28
760,43 ACTIVIDADES DE CONSTRUCCIÓN ESPECIALIZADA,2015,0.8
761,45 VENTA Y REPARACIÓN DE VEHÍCULOS DE MOTOR Y MOTOCICL.,2015,29.86
762,"46 COMER.MAYOR E INTERME.COMERCIO,EXCEP.VEHÍCULOS MOTOR",2015,5700.39
763,"47 COMERCIO AL POR MENOR, EXCEPTO DE VEHÍCULOS DE MOTOR",2015,1106.97
764,49 TRANSPORTE TERRESTRE Y POR TUBERÍA,2015,0.0
765,52 ALMACENAMIENTO Y ACTIVIDADES ANEXAS AL TRANSPORTE,2015,176955.19
766,55 SERVICIOS DE ALOJAMIENTO,2015,139.4
767,56 SERVICIOS DE COMIDAS Y BEBIDAS,2015,11.12
768,58 EDICIÓN,2015,410.6
769,"59 ACTIV. CINEMATOGRÁF, DE VÍDEO Y PROGRA. DE TV, GRAB.",2015,92180.39
770,61 TELECOMUNICACIONES,2015,29658.02
771,"62 PROGRAMACIÓN,CONSULTORÍA,OTRAS ACTIVIDADES RELAC.",2015,260.53
772,63 SERVICIOS DE INFORMACIÓN,2015,11534.18
773,"64 SERVICIOS FINANCIEROS,EXCEP.SEGUROS Y FONDOS PENSION",2015,22.0
774,66 ACTIVIDADES AUXILIARES A LOS SERVICIOS FINANCIEROS,2015,55331.65
775,68 ACTIVIDADES INMOBILIARIAS,2015,69725.02
776,69 ACTIVIDADES JURÍDICAS Y DE CONTABILIDAD,2015,35.14
777,70 ACTV. SEDES CENTRALES; ACTIV. CONSULTORÍA DE GESTIÓN,2015,92.95
778,71 SERVICIOS TECNICOS ARQUITECTURA E INGENIERIA,2015,321.84
779,72 INVESTIGACIÓN Y DESARROLLO,2015,250.0
780,73 PUBLICIDAD Y ESTUDIOS DE MERCADO,2015,804.5
781,77 ACTIVIDADES DE ALQUILER,2015,1.0
782,78 ACTIVIDADES RELACIONADAS CON EL EMPLEO,2015,3.0
783,"79 ACTIVI. AGENCIAS VIAJE, OPERADOR TURÍST. RESERVAS",2015,334.0
784,80 ACTIVIDADES DE SEGURIDAD E INVESTIGACIÓN,2015,1231.25
785,81 SERVICIOS A EDIFICIOS Y ACTIVIDADES DE JARDINERÍA,2015,0.0
786,82 ACTIVIDADES ADMINISTRATIVAS DE OFICINA,2015,677.56
787,85 EDUCACIÓN,2015,403.24
788,86 ACTIVIDADES SANITARIAS,2015,0.0
789,"93 ACTIVIDADES DEPORTIVAS, RECREATIVAS Y DE ENTRETENIM.",2015,604.0
790,96 OTROS SERVICIOS PERSONALES,2015,153.76
791,"01 AGRICULTURA, GANADERÍA, CAZA Y SERV. RELACIONADOS",2016,1503.5
792,02 SILVICULTURA Y EXPLOTACIÓN FORESTAL,2016,0.0
793,08 OTRAS INDUSTRIAS EXTRACTIVAS,2016,0.0
794,10 INDUSTRIA DE LA ALIMENTACIÓN,2016,167271.79
795,11 FABRICACIÓN DE BEBIDAS,2016,1400.48
796,13 INDUSTRIA TEXTIL,2016,8.59
797,"16 INDUSTRIA MADERA Y CORCHO, EXCEPTO MUEBLES, CESTERÍA",2016,0.0
798,19 COQUERÍAS Y REFINO DE PETRÓLEO,2016,0.0
799,20 INDUSTRIA QUÍMICA,2016,1053.24
800,22 FABRICACIÓN DE PRODUCTOS DE CAUCHO Y PLÁSTICOS,2016,0.4
801,23 FABRICACIÓN DE OTROS PRODUCTOS MINERALES NO METÁLICO,2016,0.0
802,"24 METALURGIA; FABRICACION PRODUCTOS HIERRO, ACERO",2016,10.06
803,"25 FABRICACIÓN DE PRODUCTOS METÁLICOS, EXCEPTO MAQUINAR",2016,359.0
804,27 FABRICACIÓN DE MATERIAL Y EQUIPO ELÉCTRICO,2016,0.0
805,28 FABRICACIÓN DE MAQUINARIA Y EQUIPO N.C.O.P.,2016,0.0
806,"29 FABRICACIÓN DE VEHÍCULOS DE MOTOR, REMOLQUES",2016,368568.12
807,31 FABRICACIÓN DE MUEBLES,2016,0.0
808,33 REPARACIÓN E INSTALACIÓN DE MAQUINARIA Y EQUIPO,2016,0.0
809,"35 SUMINISTRO DE ENERGÍA ELÉCTRICA, GAS, VAPOR Y AIRE",2016,2.65
810,"36 CAPTACIÓN, DEPURACIÓN Y DISTRIBUCIÓN DE AGUA",2016,0.0
811,37 RECOGIDA Y TRATAMIENTO DE AGUAS RESIDUALES,2016,0.0
812,"38 RECOGIDA, TRATAMIENTO Y ELIMINACIÓN DE RESIDUOS",2016,738824.63
813,39 ACTIVID. DE DESCONTAMINACIÓN Y OTROS SERVICIOS,2016,0.0
814,41 CONSTRUCCIÓN DE EDIFICIOS,2016,43156.21
815,42 INGENIERÍA CIVIL,2016,995.34
816,43 ACTIVIDADES DE CONSTRUCCIÓN ESPECIALIZADA,2016,1.6
817,45 VENTA Y REPARACIÓN DE VEHÍCULOS DE MOTOR Y MOTOCICL.,2016,0.0
818,"46 COMER.MAYOR E INTERME.COMERCIO,EXCEP.VEHÍCULOS MOTOR",2016,165488.33
819,"47 COMERCIO AL POR MENOR, EXCEPTO DE VEHÍCULOS DE MOTOR",2016,285.46
820,49 TRANSPORTE TERRESTRE Y POR TUBERÍA,2016,0.0
821,50 TRANSPORTE MARÍTIMO Y POR VÍAS NAVEGABLES INTERIORES,2016,70.0
822,52 ALMACENAMIENTO Y ACTIVIDADES ANEXAS AL TRANSPORTE,2016,1768.91
823,55 SERVICIOS DE ALOJAMIENTO,2016,1137.0
824,56 SERVICIOS DE COMIDAS Y BEBIDAS,2016,89.43
825,58 EDICIÓN,2016,2531.34
826,"59 ACTIV. CINEMATOGRÁF, DE VÍDEO Y PROGRA. DE TV, GRAB.",2016,253.0
827,61 TELECOMUNICACIONES,2016,299.97
828,"62 PROGRAMACIÓN,CONSULTORÍA,OTRAS ACTIVIDADES RELAC.",2016,516.77
829,63 SERVICIOS DE INFORMACIÓN,2016,689.63
830,"64 SERVICIOS FINANCIEROS,EXCEP.SEGUROS Y FONDOS PENSION",2016,157431.49
831,"65 SEGUROS,REASEGURO.FONDOS PENSION, EXCEPTO S.SOCIAL",2016,0.0
832,66 ACTIVIDADES AUXILIARES A LOS SERVICIOS FINANCIEROS,2016,14315.49
833,68 ACTIVIDADES INMOBILIARIAS,2016,61087.32
834,69 ACTIVIDADES JURÍDICAS Y DE CONTABILIDAD,2016,203.36
835,70 ACTV. SEDES CENTRALES; ACTIV. CONSULTORÍA DE GESTIÓN,2016,74.3
836,71 SERVICIOS TECNICOS ARQUITECTURA E INGENIERIA,2016,30686.62
837,73 PUBLICIDAD Y ESTUDIOS DE MERCADO,2016,515.77
838,"74 OTRAS ACTIV. PROFESIONALES, CIENTÍFICAS Y TÉCNICAS",2016,1.1
839,77 ACTIVIDADES DE ALQUILER,2016,0.0
840,"79 ACTIVI. AGENCIAS VIAJE, OPERADOR TURÍST. RESERVAS",2016,196.81
841,80 ACTIVIDADES DE SEGURIDAD E INVESTIGACIÓN,2016,0.0
842,81 SERVICIOS A EDIFICIOS Y ACTIVIDADES DE JARDINERÍA,2016,0.0
843,82 ACTIVIDADES ADMINISTRATIVAS DE OFICINA,2016,2598.62
844,85 EDUCACIÓN,2016,210.59
845,86 ACTIVIDADES SANITARIAS,2016,3.0
846,"90 ACTIVIDADES DE CREACIÓN, ARTÍSTICAS Y ESPECTÁCULOS",2016,1.5
847,92 ACTIVIDADES DE JUEGOS DE AZAR Y APUESTAS,2016,180.08
848,"93 ACTIVIDADES DEPORTIVAS, RECREATIVAS Y DE ENTRETENIM.",2016,7.61
849,96 OTROS SERVICIOS PERSONALES,2016,121.78
850,"01 AGRICULTURA, GANADERÍA, CAZA Y SERV. RELACIONADOS",2017,3.06
851,08 OTRAS INDUSTRIAS EXTRACTIVAS,2017,0.0
852,10 INDUSTRIA DE LA ALIMENTACIÓN,2017,259857.29
853,11 FABRICACIÓN DE BEBIDAS,2017,1192.45
854,13 INDUSTRIA TEXTIL,2017,3.0
855,14 CONFECCIÓN DE PRENDAS DE VESTIR,2017,1.0
856,"16 INDUSTRIA MADERA Y CORCHO, EXCEPTO MUEBLES, CESTERÍA",2017,0.0
857,19 COQUERÍAS Y REFINO DE PETRÓLEO,2017,0.0
858,20 INDUSTRIA QUÍMICA,2017,3.0
859,22 FABRICACIÓN DE PRODUCTOS DE CAUCHO Y PLÁSTICOS,2017,0.0
860,23 FABRICACIÓN DE OTROS PRODUCTOS MINERALES NO METÁLICO,2017,0.0
861,"24 METALURGIA; FABRICACION PRODUCTOS HIERRO, ACERO",2017,0.0
862,"25 FABRICACIÓN DE PRODUCTOS METÁLICOS, EXCEPTO MAQUINAR",2017,0.0
863,27 FABRICACIÓN DE MATERIAL Y EQUIPO ELÉCTRICO,2017,500.0
864,28 FABRICACIÓN DE MAQUINARIA Y EQUIPO N.C.O.P.,2017,0.0
865,"29 FABRICACIÓN DE VEHÍCULOS DE MOTOR, REMOLQUES",2017,56395.13
866,30 FABRICACIÓN DE OTRO MATERIAL DE TRANSPORTE,2017,0.15
867,31 FABRICACIÓN DE MUEBLES,2017,100.55
868,32 OTRAS INDUSTRIAS MANUFACTURERAS,2017,382.0
869,33 REPARACIÓN E INSTALACIÓN DE MAQUINARIA Y EQUIPO,2017,0.0
870,"35 SUMINISTRO DE ENERGÍA ELÉCTRICA, GAS, VAPOR Y AIRE",2017,0.02
871,"36 CAPTACIÓN, DEPURACIÓN Y DISTRIBUCIÓN DE AGUA",2017,0.0
872,37 RECOGIDA Y TRATAMIENTO DE AGUAS RESIDUALES,2017,0.0
873,"38 RECOGIDA, TRATAMIENTO Y ELIMINACIÓN DE RESIDUOS",2017,0.0
874,39 ACTIVID. DE DESCONTAMINACIÓN Y OTROS SERVICIOS,2017,0.0
875,41 CONSTRUCCIÓN DE EDIFICIOS,2017,72300.98
876,42 INGENIERÍA CIVIL,2017,0.0
877,43 ACTIVIDADES DE CONSTRUCCIÓN ESPECIALIZADA,2017,1.5
878,45 VENTA Y REPARACIÓN DE VEHÍCULOS DE MOTOR Y MOTOCICL.,2017,0.0
879,"46 COMER.MAYOR E INTERME.COMERCIO,EXCEP.VEHÍCULOS MOTOR",2017,10433.19
880,"47 COMERCIO AL POR MENOR, EXCEPTO DE VEHÍCULOS DE MOTOR",2017,2749.46
881,49 TRANSPORTE TERRESTRE Y POR TUBERÍA,2017,3.1
882,52 ALMACENAMIENTO Y ACTIVIDADES ANEXAS AL TRANSPORTE,2017,66.01
883,55 SERVICIOS DE ALOJAMIENTO,2017,2.56
884,56 SERVICIOS DE COMIDAS Y BEBIDAS,2017,52.68
885,58 EDICIÓN,2017,4450.35
886,"59 ACTIV. CINEMATOGRÁF, DE VÍDEO Y PROGRA. DE TV, GRAB.",2017,3284.41
887,61 TELECOMUNICACIONES,2017,32.1
888,"62 PROGRAMACIÓN,CONSULTORÍA,OTRAS ACTIVIDADES RELAC.",2017,455.87
889,63 SERVICIOS DE INFORMACIÓN,2017,73.43
890,"64 SERVICIOS FINANCIEROS,EXCEP.SEGUROS Y FONDOS PENSION",2017,1017.88
891,"65 SEGUROS,REASEGURO.FONDOS PENSION, EXCEPTO S.SOCIAL",2017,0.0
892,66 ACTIVIDADES AUXILIARES A LOS SERVICIOS FINANCIEROS,2017,520.59
893,68 ACTIVIDADES INMOBILIARIAS,2017,58279.77
894,69 ACTIVIDADES JURÍDICAS Y DE CONTABILIDAD,2017,4.06
895,70 ACTV. SEDES CENTRALES; ACTIV. CONSULTORÍA DE GESTIÓN,2017,5365.82
896,71 SERVICIOS TECNICOS ARQUITECTURA E INGENIERIA,2017,3.15
897,72 INVESTIGACIÓN Y DESARROLLO,2017,2.0
898,73 PUBLICIDAD Y ESTUDIOS DE MERCADO,2017,1904.71
899,"74 OTRAS ACTIV. PROFESIONALES, CIENTÍFICAS Y TÉCNICAS",2017,2.63
900,77 ACTIVIDADES DE ALQUILER,2017,0.0
901,"79 ACTIVI. AGENCIAS VIAJE, OPERADOR TURÍST. RESERVAS",2017,1.5
902,80 ACTIVIDADES DE SEGURIDAD E INVESTIGACIÓN,2017,0.0
903,81 SERVICIOS A EDIFICIOS Y ACTIVIDADES DE JARDINERÍA,2017,0.0
904,82 ACTIVIDADES ADMINISTRATIVAS DE OFICINA,2017,2912.26
905,85 EDUCACIÓN,2017,11037.47
906,86 ACTIVIDADES SANITARIAS,2017,48.51
907,88 ACTIVIDADES DE SERVICIOS SOCIALES SIN ALOJAMIENTO,2017,600.0
908,"90 ACTIVIDADES DE CREACIÓN, ARTÍSTICAS Y ESPECTÁCULOS",2017,0.0
909,92 ACTIVIDADES DE JUEGOS DE AZAR Y APUESTAS,2017,0.0
910,"93 ACTIVIDADES DEPORTIVAS, RECREATIVAS Y DE ENTRETENIM.",2017,10211.66
911,"01 AGRICULTURA, GANADERÍA, CAZA Y SERV. RELACIONADOS",2018,1.55
912,08 OTRAS INDUSTRIAS EXTRACTIVAS,2018,0.0
913,10 INDUSTRIA DE LA ALIMENTACIÓN,2018,55710.24
914,11 FABRICACIÓN DE BEBIDAS,2018,157425.73
915,13 INDUSTRIA TEXTIL,2018,150.0
916,14 CONFECCIÓN DE PRENDAS DE VESTIR,2018,3.68
917,"16 INDUSTRIA MADERA Y CORCHO, EXCEPTO MUEBLES, CESTERÍA",2018,72.0
918,18 ARTES GRÁFICAS Y REPRODUCCIÓN DE SOPORTES GRABADOS,2018,5.2
919,19 COQUERÍAS Y REFINO DE PETRÓLEO,2018,0.0
920,20 INDUSTRIA QUÍMICA,2018,10501.21
921,22 FABRICACIÓN DE PRODUCTOS DE CAUCHO Y PLÁSTICOS,2018,0.0
922,23 FABRICACIÓN DE OTROS PRODUCTOS MINERALES NO METÁLICO,2018,0.0
923,"24 METALURGIA; FABRICACION PRODUCTOS HIERRO, ACERO",2018,0.0
924,"25 FABRICACIÓN DE PRODUCTOS METÁLICOS, EXCEPTO MAQUINAR",2018,0.0
925,27 FABRICACIÓN DE MATERIAL Y EQUIPO ELÉCTRICO,2018,0.0
926,28 FABRICACIÓN DE MAQUINARIA Y EQUIPO N.C.O.P.,2018,0.0
927,"29 FABRICACIÓN DE VEHÍCULOS DE MOTOR, REMOLQUES",2018,264.52
928,33 REPARACIÓN E INSTALACIÓN DE MAQUINARIA Y EQUIPO,2018,0.0
929,"35 SUMINISTRO DE ENERGÍA ELÉCTRICA, GAS, VAPOR Y AIRE",2018,6.7
930,"36 CAPTACIÓN, DEPURACIÓN Y DISTRIBUCIÓN DE AGUA",2018,0.0
931,37 RECOGIDA Y TRATAMIENTO DE AGUAS RESIDUALES,2018,0.0
932,"38 RECOGIDA, TRATAMIENTO Y ELIMINACIÓN DE RESIDUOS",2018,0.0
933,39 ACTIVID. DE DESCONTAMINACIÓN Y OTROS SERVICIOS,2018,0.0
934,41 CONSTRUCCIÓN DE EDIFICIOS,2018,8590.38
935,42 INGENIERÍA CIVIL,2018,0.0
936,43 ACTIVIDADES DE CONSTRUCCIÓN ESPECIALIZADA,2018,945.18
937,45 VENTA Y REPARACIÓN DE VEHÍCULOS DE MOTOR Y MOTOCICL.,2018,218.71
938,"46 COMER.MAYOR E INTERME.COMERCIO,EXCEP.VEHÍCULOS MOTOR",2018,2105.09
939,"47 COMERCIO AL POR MENOR, EXCEPTO DE VEHÍCULOS DE MOTOR",2018,605.1
940,49 TRANSPORTE TERRESTRE Y POR TUBERÍA,2018,1.5
941,50 TRANSPORTE MARÍTIMO Y POR VÍAS NAVEGABLES INTERIORES,2018,15.0
942,52 ALMACENAMIENTO Y ACTIVIDADES ANEXAS AL TRANSPORTE,2018,855.9
943,55 SERVICIOS DE ALOJAMIENTO,2018,5.1
944,56 SERVICIOS DE COMIDAS Y BEBIDAS,2018,76.34
945,58 EDICIÓN,2018,26060.37
946,"59 ACTIV. CINEMATOGRÁF, DE VÍDEO Y PROGRA. DE TV, GRAB.",2018,9649.58
947,61 TELECOMUNICACIONES,2018,3101.5
948,"62 PROGRAMACIÓN,CONSULTORÍA,OTRAS ACTIVIDADES RELAC.",2018,583.28
949,63 SERVICIOS DE INFORMACIÓN,2018,380.32
950,"64 SERVICIOS FINANCIEROS,EXCEP.SEGUROS Y FONDOS PENSION",2018,77.04
951,"65 SEGUROS,REASEGURO.FONDOS PENSION, EXCEPTO S.SOCIAL",2018,0.0
952,66 ACTIVIDADES AUXILIARES A LOS SERVICIOS FINANCIEROS,2018,237.46
953,68 ACTIVIDADES INMOBILIARIAS,2018,12551.66
954,69 ACTIVIDADES JURÍDICAS Y DE CONTABILIDAD,2018,135.11
955,70 ACTV. SEDES CENTRALES; ACTIV. CONSULTORÍA DE GESTIÓN,2018,1241.28
956,71 SERVICIOS TECNICOS ARQUITECTURA E INGENIERIA,2018,322.65
957,73 PUBLICIDAD Y ESTUDIOS DE MERCADO,2018,601.83
958,"74 OTRAS ACTIV. PROFESIONALES, CIENTÍFICAS Y TÉCNICAS",2018,15.61
959,77 ACTIVIDADES DE ALQUILER,2018,15.0
960,78 ACTIVIDADES RELACIONADAS CON EL EMPLEO,2018,527.43
961,"79 ACTIVI. AGENCIAS VIAJE, OPERADOR TURÍST. RESERVAS",2018,33.11
962,81 SERVICIOS A EDIFICIOS Y ACTIVIDADES DE JARDINERÍA,2018,0.0
963,82 ACTIVIDADES ADMINISTRATIVAS DE OFICINA,2018,211.72
964,85 EDUCACIÓN,2018,5.25
965,86 ACTIVIDADES SANITARIAS,2018,99.99
966,"90 ACTIVIDADES DE CREACIÓN, ARTÍSTICAS Y ESPECTÁCULOS",2018,1.8
967,"93 ACTIVIDADES DEPORTIVAS, RECREATIVAS Y DE ENTRETENIM.",2018,1711.98
968,96 OTROS SERVICIOS PERSONALES,2018,50.0
969,"01 AGRICULTURA, GANADERÍA, CAZA Y SERV. RELACIONADOS",2019,2.55
970,06 EXTRACCIÓN DE CRUDO DE PETRÓLEO Y GAS NATURAL,2019,1.5
971,10 INDUSTRIA DE LA ALIMENTACIÓN,2019,42884.11
972,11 FABRICACIÓN DE BEBIDAS,2019,1454.16
973,13 INDUSTRIA TEXTIL,2019,242.29
974,20 INDUSTRIA QUÍMICA,2019,637.1
975,"25 FABRICACIÓN DE PRODUCTOS METÁLICOS, EXCEPTO MAQUINAR",2019,9.14
976,31 FABRICACIÓN DE MUEBLES,2019,156.0
977,32 OTRAS INDUSTRIAS MANUFACTURERAS,2019,40.01
978,"35 SUMINISTRO DE ENERGÍA ELÉCTRICA, GAS, VAPOR Y AIRE",2019,18.84
979,"38 RECOGIDA, TRATAMIENTO Y ELIMINACIÓN DE RESIDUOS",2019,525444.62
980,41 CONSTRUCCIÓN DE EDIFICIOS,2019,60663.75
981,43 ACTIVIDADES DE CONSTRUCCIÓN ESPECIALIZADA,2019,33.04
982,45 VENTA Y REPARACIÓN DE VEHÍCULOS DE MOTOR Y MOTOCICL.,2019,0.0
983,"46 COMER.MAYOR E INTERME.COMERCIO,EXCEP.VEHÍCULOS MOTOR",2019,2795.17
984,"47 COMERCIO AL POR MENOR, EXCEPTO DE VEHÍCULOS DE MOTOR",2019,681.11
985,50 TRANSPORTE MARÍTIMO Y POR VÍAS NAVEGABLES INTERIORES,2019,15.0
986,52 ALMACENAMIENTO Y ACTIVIDADES ANEXAS AL TRANSPORTE,2019,735.0
987,55 SERVICIOS DE ALOJAMIENTO,2019,140192.6
988,56 SERVICIOS DE COMIDAS Y BEBIDAS,2019,140.77
989,58 EDICIÓN,2019,10253.02
990,"59 ACTIV. CINEMATOGRÁF, DE VÍDEO Y PROGRA. DE TV, GRAB.",2019,2340.29
991,61 TELECOMUNICACIONES,2019,55.5
992,"62 PROGRAMACIÓN,CONSULTORÍA,OTRAS ACTIVIDADES RELAC.",2019,3688.01
993,63 SERVICIOS DE INFORMACIÓN,2019,2767.48
994,"64 SERVICIOS FINANCIEROS,EXCEP.SEGUROS Y FONDOS PENSION",2019,232354.32
995,66 ACTIVIDADES AUXILIARES A LOS SERVICIOS FINANCIEROS,2019,1379.83
996,68 ACTIVIDADES INMOBILIARIAS,2019,53881.44
997,69 ACTIVIDADES JURÍDICAS Y DE CONTABILIDAD,2019,1481.73
998,70 ACTV. SEDES CENTRALES; ACTIV. CONSULTORÍA DE GESTIÓN,2019,695.05
999,71 SERVICIOS TECNICOS ARQUITECTURA E INGENIERIA,2019,1375.54
1000,72 INVESTIGACIÓN Y DESARROLLO,2019,61.35
1001,73 PUBLICIDAD Y ESTUDIOS DE MERCADO,2019,2056.42
1002,"74 OTRAS ACTIV. PROFESIONALES, CIENTÍFICAS Y TÉCNICAS",2019,109.64
1003,77 ACTIVIDADES DE ALQUILER,2019,324.87
1004,78 ACTIVIDADES RELACIONADAS CON EL EMPLEO,2019,356.0
1005,"79 ACTIVI. AGENCIAS VIAJE, OPERADOR TURÍST. RESERVAS",2019,0.75
1006,82 ACTIVIDADES ADMINISTRATIVAS DE OFICINA,2019,593.81
1007,85 EDUCACIÓN,2019,7.71
1008,86 ACTIVIDADES SANITARIAS,2019,68.34
1009,88 ACTIVIDADES DE SERVICIOS SOCIALES SIN ALOJAMIENTO,2019,500.0
1010,92 ACTIVIDADES DE JUEGOS DE AZAR Y APUESTAS,2019,1.5
1011,"93 ACTIVIDADES DEPORTIVAS, RECREATIVAS Y DE ENTRETENIM.",2019,749.03
1012,96 OTROS SERVICIOS PERSONALES,2019,7.0
1013,03 PESCA Y ACUICULTURA,2020,3.0
1014,10 INDUSTRIA DE LA ALIMENTACIÓN,2020,54636.52
1015,20 INDUSTRIA QUÍMICA,2020,274.36
1016,22 FABRICACIÓN DE PRODUCTOS DE CAUCHO Y PLÁSTICOS,2020,3.0
1017,23 FABRICACIÓN DE OTROS PRODUCTOS MINERALES NO METÁLICO,2020,9.0
1018,"26 FABRICACIÓN DE PRODUCTOS INFORMÁTICOS, ELECTRÓNICOS",2020,20.35
1019,28 FABRICACIÓN DE MAQUINARIA Y EQUIPO N.C.O.P.,2020,0.0
1020,"35 SUMINISTRO DE ENERGÍA ELÉCTRICA, GAS, VAPOR Y AIRE",2020,19.33
1021,41 CONSTRUCCIÓN DE EDIFICIOS,2020,212145.04
1022,43 ACTIVIDADES DE CONSTRUCCIÓN ESPECIALIZADA,2020,1175.89
1023,"46 COMER.MAYOR E INTERME.COMERCIO,EXCEP.VEHÍCULOS MOTOR",2020,45848.93
1024,"47 COMERCIO AL POR MENOR, EXCEPTO DE VEHÍCULOS DE MOTOR",2020,1932.95
1025,49 TRANSPORTE TERRESTRE Y POR TUBERÍA,2020,1.2
1026,52 ALMACENAMIENTO Y ACTIVIDADES ANEXAS AL TRANSPORTE,2020,3.0
1027,53 ACTIVIDADES POSTALES Y DE CORREOS,2020,10916.0
1028,55 SERVICIOS DE ALOJAMIENTO,2020,671.88
1029,56 SERVICIOS DE COMIDAS Y BEBIDAS,2020,11957.76
1030,58 EDICIÓN,2020,1178.71
1031,"62 PROGRAMACIÓN,CONSULTORÍA,OTRAS ACTIVIDADES RELAC.",2020,639.75
1032,63 SERVICIOS DE INFORMACIÓN,2020,0.0
1033,"64 SERVICIOS FINANCIEROS,EXCEP.SEGUROS Y FONDOS PENSION",2020,22.98
1034,"65 SEGUROS,REASEGURO.FONDOS PENSION, EXCEPTO S.SOCIAL",2020,0.0
1035,66 ACTIVIDADES AUXILIARES A LOS SERVICIOS FINANCIEROS,2020,147.2
1036,68 ACTIVIDADES INMOBILIARIAS,2020,74865.87
1037,69 ACTIVIDADES JURÍDICAS Y DE CONTABILIDAD,2020,26.25
1038,70 ACTV. SEDES CENTRALES; ACTIV. CONSULTORÍA DE GESTIÓN,2020,376.18
1039,71 SERVICIOS TECNICOS ARQUITECTURA E INGENIERIA,2020,4.8
1040,73 PUBLICIDAD Y ESTUDIOS DE MERCADO,2020,1073.0
1041,77 ACTIVIDADES DE ALQUILER,2020,5.12
1042,"79 ACTIVI. AGENCIAS VIAJE, OPERADOR TURÍST. RESERVAS",2020,16.5
1043,82 ACTIVIDADES ADMINISTRATIVAS DE OFICINA,2020,17.0
1044,86 ACTIVIDADES SANITARIAS,2020,322.09
1045,96 OTROS SERVICIOS PERSONALES,2020,22.5
