year,investment,country,industry
1993,16.84,ARGENTINA,"01 AGRICULTURA, GANADERÍA, CAZA Y SERV. RELACIONADOS"
1993,264.82,ARGENTINA,03 PESCA Y ACUICULTURA
1993,1828.28,ARGENTINA,20 INDUSTRIA QUÍMICA
1993,192.21,ARGENTINA,21 FABRICACIÓN DE PRODUCTOS FARMACÉUTICOS
1993,4.51,ARGENTINA,23 FABRICACIÓN DE OTROS PRODUCTOS MINERALES NO METÁLICO
1993,184.3,ARGENTINA,"26 FABRICACIÓN DE PRODUCTOS INFORMÁTICOS, ELECTRÓNICOS"
1993,6217.85,ARGENTINA,27 FABRICACIÓN DE MATERIAL Y EQUIPO ELÉCTRICO
1993,130.4,ARGENTINA,33 REPARACIÓN E INSTALACIÓN DE MAQUINARIA Y EQUIPO
1993,30582.700000000004,ARGENTINA,"35 SUMINISTRO DE ENERGÍA ELÉCTRICA, GAS, VAPOR Y AIRE"
1993,1045.03,ARGENTINA,41 CONSTRUCCIÓN DE EDIFICIOS
1993,286.27,ARGENTINA,42 INGENIERÍA CIVIL
1993,117.8,ARGENTINA,43 ACTIVIDADES DE CONSTRUCCIÓN ESPECIALIZADA
1993,540.91,ARGENTINA,"46 COMER.MAYOR E INTERME.COMERCIO,EXCEP.VEHÍCULOS MOTOR"
1993,30800.8,ARGENTINA,51 TRANSPORTE AÉREO
1993,64.91,ARGENTINA,58 EDICIÓN
1993,24427.16,ARGENTINA,"64 SERVICIOS FINANCIEROS,EXCEP.SEGUROS Y FONDOS PENSION"
1993,75.43,ARGENTINA,"65 SEGUROS,REASEGURO.FONDOS PENSION, EXCEPTO S.SOCIAL"
1993,8475.44,ARGENTINA,66 ACTIVIDADES AUXILIARES A LOS SERVICIOS FINANCIEROS
1993,117.8,ARGENTINA,70 ACTV. SEDES CENTRALES; ACTIV. CONSULTORÍA DE GESTIÓN
1993,128.70999999999998,ARGENTINA,71 SERVICIOS TECNICOS ARQUITECTURA E INGENIERIA
1993,16584.75,ARGENTINA,85 EDUCACIÓN
1993,139.4,ARGENTINA,92 ACTIVIDADES DE JUEGOS DE AZAR Y APUESTAS
1993,189.03,ARGENTINA,PERSONAS FÍSICAS (SIN SECTOR DE ACTIVIDAD)
1994,171.65,ARGENTINA,"01 AGRICULTURA, GANADERÍA, CAZA Y SERV. RELACIONADOS"
1994,120.55,ARGENTINA,03 PESCA Y ACUICULTURA
1994,174.97,ARGENTINA,10 INDUSTRIA DE LA ALIMENTACIÓN
1994,317.06,ARGENTINA,17 INDUSTRIA DEL PAPEL
1994,12.02,ARGENTINA,20 INDUSTRIA QUÍMICA
1994,400.83000000000004,ARGENTINA,21 FABRICACIÓN DE PRODUCTOS FARMACÉUTICOS
1994,10.08,ARGENTINA,22 FABRICACIÓN DE PRODUCTOS DE CAUCHO Y PLÁSTICOS
1994,8666.59,ARGENTINA,23 FABRICACIÓN DE OTROS PRODUCTOS MINERALES NO METÁLICO
1994,465.68,ARGENTINA,"24 METALURGIA; FABRICACION PRODUCTOS HIERRO, ACERO"
1994,235.01,ARGENTINA,"26 FABRICACIÓN DE PRODUCTOS INFORMÁTICOS, ELECTRÓNICOS"
1994,0,ARGENTINA,27 FABRICACIÓN DE MATERIAL Y EQUIPO ELÉCTRICO
1994,9.85,ARGENTINA,28 FABRICACIÓN DE MAQUINARIA Y EQUIPO N.C.O.P.
1994,351.71,ARGENTINA,30 FABRICACIÓN DE OTRO MATERIAL DE TRANSPORTE
1994,3531.21,ARGENTINA,"35 SUMINISTRO DE ENERGÍA ELÉCTRICA, GAS, VAPOR Y AIRE"
1994,0,ARGENTINA,"36 CAPTACIÓN, DEPURACIÓN Y DISTRIBUCIÓN DE AGUA"
1994,496.6,ARGENTINA,"38 RECOGIDA, TRATAMIENTO Y ELIMINACIÓN DE RESIDUOS"
1994,11178.89,ARGENTINA,41 CONSTRUCCIÓN DE EDIFICIOS
1994,3838.22,ARGENTINA,42 INGENIERÍA CIVIL
1994,599.25,ARGENTINA,"46 COMER.MAYOR E INTERME.COMERCIO,EXCEP.VEHÍCULOS MOTOR"
1994,510414.63,ARGENTINA,51 TRANSPORTE AÉREO
1994,25.15,ARGENTINA,52 ALMACENAMIENTO Y ACTIVIDADES ANEXAS AL TRANSPORTE
1994,246.99,ARGENTINA,58 EDICIÓN
1994,1278.96,ARGENTINA,61 TELECOMUNICACIONES
1994,35295.32,ARGENTINA,"64 SERVICIOS FINANCIEROS,EXCEP.SEGUROS Y FONDOS PENSION"
1994,130.17000000000002,ARGENTINA,71 SERVICIOS TECNICOS ARQUITECTURA E INGENIERIA
1994,0,ARGENTINA,"79 ACTIVI. AGENCIAS VIAJE, OPERADOR TURÍST. RESERVAS"
1994,11.73,ARGENTINA,81 SERVICIOS A EDIFICIOS Y ACTIVIDADES DE JARDINERÍA
1994,4.58,ARGENTINA,86 ACTIVIDADES SANITARIAS
1994,3165.13,ARGENTINA,PERSONAS FÍSICAS (SIN SECTOR DE ACTIVIDAD)
1995,3736.37,ARGENTINA,02 SILVICULTURA Y EXPLOTACIÓN FORESTAL
1995,602.08,ARGENTINA,03 PESCA Y ACUICULTURA
1995,443.79,ARGENTINA,10 INDUSTRIA DE LA ALIMENTACIÓN
1995,0.76,ARGENTINA,11 FABRICACIÓN DE BEBIDAS
1995,291.3,ARGENTINA,13 INDUSTRIA TEXTIL
1995,0.82,ARGENTINA,14 CONFECCIÓN DE PRENDAS DE VESTIR
1995,21.96,ARGENTINA,"16 INDUSTRIA MADERA Y CORCHO, EXCEPTO MUEBLES, CESTERÍA"
1995,1469.38,ARGENTINA,17 INDUSTRIA DEL PAPEL
1995,44.92,ARGENTINA,18 ARTES GRÁFICAS Y REPRODUCCIÓN DE SOPORTES GRABADOS
1995,38.13,ARGENTINA,20 INDUSTRIA QUÍMICA
1995,157.72,ARGENTINA,21 FABRICACIÓN DE PRODUCTOS FARMACÉUTICOS
1995,642.06,ARGENTINA,22 FABRICACIÓN DE PRODUCTOS DE CAUCHO Y PLÁSTICOS
1995,5362.9,ARGENTINA,23 FABRICACIÓN DE OTROS PRODUCTOS MINERALES NO METÁLICO
1995,4.65,ARGENTINA,"25 FABRICACIÓN DE PRODUCTOS METÁLICOS, EXCEPTO MAQUINAR"
1995,393.69,ARGENTINA,"26 FABRICACIÓN DE PRODUCTOS INFORMÁTICOS, ELECTRÓNICOS"
1995,76.36,ARGENTINA,27 FABRICACIÓN DE MATERIAL Y EQUIPO ELÉCTRICO
1995,329.66,ARGENTINA,28 FABRICACIÓN DE MAQUINARIA Y EQUIPO N.C.O.P.
1995,7.77,ARGENTINA,32 OTRAS INDUSTRIAS MANUFACTURERAS
1995,114489.58,ARGENTINA,"35 SUMINISTRO DE ENERGÍA ELÉCTRICA, GAS, VAPOR Y AIRE"
1995,19287.800000000003,ARGENTINA,"36 CAPTACIÓN, DEPURACIÓN Y DISTRIBUCIÓN DE AGUA"
1995,4.73,ARGENTINA,"38 RECOGIDA, TRATAMIENTO Y ELIMINACIÓN DE RESIDUOS"
1995,8469.919999999998,ARGENTINA,41 CONSTRUCCIÓN DE EDIFICIOS
1995,1101.55,ARGENTINA,42 INGENIERÍA CIVIL
1995,1261.28,ARGENTINA,43 ACTIVIDADES DE CONSTRUCCIÓN ESPECIALIZADA
1995,7198.079999999999,ARGENTINA,"46 COMER.MAYOR E INTERME.COMERCIO,EXCEP.VEHÍCULOS MOTOR"
1995,0.82,ARGENTINA,"47 COMERCIO AL POR MENOR, EXCEPTO DE VEHÍCULOS DE MOTOR"
1995,0,ARGENTINA,51 TRANSPORTE AÉREO
1995,162.23,ARGENTINA,58 EDICIÓN
1995,62894.12,ARGENTINA,"64 SERVICIOS FINANCIEROS,EXCEP.SEGUROS Y FONDOS PENSION"
1995,216.78,ARGENTINA,68 ACTIVIDADES INMOBILIARIAS
1995,290.4,ARGENTINA,71 SERVICIOS TECNICOS ARQUITECTURA E INGENIERIA
1995,3.8,ARGENTINA,82 ACTIVIDADES ADMINISTRATIVAS DE OFICINA
1995,0,ARGENTINA,92 ACTIVIDADES DE JUEGOS DE AZAR Y APUESTAS
1995,9.3,ARGENTINA,"95 REPARACIÓN ORDENADORES, EFECTOS PERSONALES"
1995,196.83999999999997,ARGENTINA,PERSONAS FÍSICAS (SIN SECTOR DE ACTIVIDAD)
1996,212.76,ARGENTINA,"01 AGRICULTURA, GANADERÍA, CAZA Y SERV. RELACIONADOS"
1996,1775.6999999999998,ARGENTINA,02 SILVICULTURA Y EXPLOTACIÓN FORESTAL
1996,50.2,ARGENTINA,03 PESCA Y ACUICULTURA
1996,532.52,ARGENTINA,11 FABRICACIÓN DE BEBIDAS
1996,14.78,ARGENTINA,"16 INDUSTRIA MADERA Y CORCHO, EXCEPTO MUEBLES, CESTERÍA"
1996,272.27,ARGENTINA,20 INDUSTRIA QUÍMICA
1996,9251.12,ARGENTINA,23 FABRICACIÓN DE OTROS PRODUCTOS MINERALES NO METÁLICO
1996,183.02,ARGENTINA,"25 FABRICACIÓN DE PRODUCTOS METÁLICOS, EXCEPTO MAQUINAR"
1996,53.51,ARGENTINA,"26 FABRICACIÓN DE PRODUCTOS INFORMÁTICOS, ELECTRÓNICOS"
1996,13884.56,ARGENTINA,27 FABRICACIÓN DE MATERIAL Y EQUIPO ELÉCTRICO
1996,198.12,ARGENTINA,28 FABRICACIÓN DE MAQUINARIA Y EQUIPO N.C.O.P.
1996,3481.85,ARGENTINA,"29 FABRICACIÓN DE VEHÍCULOS DE MOTOR, REMOLQUES"
1996,311,ARGENTINA,33 REPARACIÓN E INSTALACIÓN DE MAQUINARIA Y EQUIPO
1996,247.1,ARGENTINA,"35 SUMINISTRO DE ENERGÍA ELÉCTRICA, GAS, VAPOR Y AIRE"
1996,530.09,ARGENTINA,"38 RECOGIDA, TRATAMIENTO Y ELIMINACIÓN DE RESIDUOS"
1996,13426.829999999998,ARGENTINA,41 CONSTRUCCIÓN DE EDIFICIOS
1996,935.97,ARGENTINA,42 INGENIERÍA CIVIL
1996,13.24,ARGENTINA,43 ACTIVIDADES DE CONSTRUCCIÓN ESPECIALIZADA
1996,5014.860000000001,ARGENTINA,"46 COMER.MAYOR E INTERME.COMERCIO,EXCEP.VEHÍCULOS MOTOR"
1996,0,ARGENTINA,"47 COMERCIO AL POR MENOR, EXCEPTO DE VEHÍCULOS DE MOTOR"
1996,401229.01,ARGENTINA,51 TRANSPORTE AÉREO
1996,614.6,ARGENTINA,58 EDICIÓN
1996,38.92,ARGENTINA,61 TELECOMUNICACIONES
1996,714356.28,ARGENTINA,"64 SERVICIOS FINANCIEROS,EXCEP.SEGUROS Y FONDOS PENSION"
1996,1744.65,ARGENTINA,"65 SEGUROS,REASEGURO.FONDOS PENSION, EXCEPTO S.SOCIAL"
1996,5.58,ARGENTINA,68 ACTIVIDADES INMOBILIARIAS
1996,8525.22,ARGENTINA,71 SERVICIOS TECNICOS ARQUITECTURA E INGENIERIA
1996,180.3,ARGENTINA,"79 ACTIVI. AGENCIAS VIAJE, OPERADOR TURÍST. RESERVAS"
1996,1322.01,ARGENTINA,80 ACTIVIDADES DE SEGURIDAD E INVESTIGACIÓN
1996,65.19,ARGENTINA,81 SERVICIOS A EDIFICIOS Y ACTIVIDADES DE JARDINERÍA
1996,287.93,ARGENTINA,82 ACTIVIDADES ADMINISTRATIVAS DE OFICINA
1996,208.08,ARGENTINA,86 ACTIVIDADES SANITARIAS
1996,506.16999999999996,ARGENTINA,PERSONAS FÍSICAS (SIN SECTOR DE ACTIVIDAD)
1997,8870.99,ARGENTINA,02 SILVICULTURA Y EXPLOTACIÓN FORESTAL
1997,1142.54,ARGENTINA,03 PESCA Y ACUICULTURA
1997,9.04,ARGENTINA,11 FABRICACIÓN DE BEBIDAS
1997,0,ARGENTINA,17 INDUSTRIA DEL PAPEL
1997,1006.01,ARGENTINA,20 INDUSTRIA QUÍMICA
1997,303.35,ARGENTINA,21 FABRICACIÓN DE PRODUCTOS FARMACÉUTICOS
1997,13432.62,ARGENTINA,23 FABRICACIÓN DE OTROS PRODUCTOS MINERALES NO METÁLICO
1997,326.43,ARGENTINA,"25 FABRICACIÓN DE PRODUCTOS METÁLICOS, EXCEPTO MAQUINAR"
1997,60.1,ARGENTINA,"26 FABRICACIÓN DE PRODUCTOS INFORMÁTICOS, ELECTRÓNICOS"
1997,385.57,ARGENTINA,27 FABRICACIÓN DE MATERIAL Y EQUIPO ELÉCTRICO
1997,2.52,ARGENTINA,28 FABRICACIÓN DE MAQUINARIA Y EQUIPO N.C.O.P.
1997,1953.29,ARGENTINA,"29 FABRICACIÓN DE VEHÍCULOS DE MOTOR, REMOLQUES"
1997,36.49,ARGENTINA,32 OTRAS INDUSTRIAS MANUFACTURERAS
1997,15410.68,ARGENTINA,"35 SUMINISTRO DE ENERGÍA ELÉCTRICA, GAS, VAPOR Y AIRE"
1997,2886.79,ARGENTINA,"36 CAPTACIÓN, DEPURACIÓN Y DISTRIBUCIÓN DE AGUA"
1997,19.71,ARGENTINA,41 CONSTRUCCIÓN DE EDIFICIOS
1997,1092.99,ARGENTINA,42 INGENIERÍA CIVIL
1997,717.78,ARGENTINA,43 ACTIVIDADES DE CONSTRUCCIÓN ESPECIALIZADA
1997,3560.96,ARGENTINA,"46 COMER.MAYOR E INTERME.COMERCIO,EXCEP.VEHÍCULOS MOTOR"
1997,6989.2,ARGENTINA,"47 COMERCIO AL POR MENOR, EXCEPTO DE VEHÍCULOS DE MOTOR"
1997,174.29,ARGENTINA,52 ALMACENAMIENTO Y ACTIVIDADES ANEXAS AL TRANSPORTE
1997,7745.71,ARGENTINA,58 EDICIÓN
1997,91.66,ARGENTINA,"62 PROGRAMACIÓN,CONSULTORÍA,OTRAS ACTIVIDADES RELAC."
1997,105.18,ARGENTINA,63 SERVICIOS DE INFORMACIÓN
1997,2468964.07,ARGENTINA,"64 SERVICIOS FINANCIEROS,EXCEP.SEGUROS Y FONDOS PENSION"
1997,1436.26,ARGENTINA,"65 SEGUROS,REASEGURO.FONDOS PENSION, EXCEPTO S.SOCIAL"
1997,54.77,ARGENTINA,66 ACTIVIDADES AUXILIARES A LOS SERVICIOS FINANCIEROS
1997,874.88,ARGENTINA,70 ACTV. SEDES CENTRALES; ACTIV. CONSULTORÍA DE GESTIÓN
1997,8339.28,ARGENTINA,71 SERVICIOS TECNICOS ARQUITECTURA E INGENIERIA
1997,1.28,ARGENTINA,73 PUBLICIDAD Y ESTUDIOS DE MERCADO
1997,8.459999999999999,ARGENTINA,"79 ACTIVI. AGENCIAS VIAJE, OPERADOR TURÍST. RESERVAS"
1997,384.65,ARGENTINA,80 ACTIVIDADES DE SEGURIDAD E INVESTIGACIÓN
1997,280.69,ARGENTINA,92 ACTIVIDADES DE JUEGOS DE AZAR Y APUESTAS
1997,606.88,ARGENTINA,PERSONAS FÍSICAS (SIN SECTOR DE ACTIVIDAD)
1998,1878.3,ARGENTINA,"01 AGRICULTURA, GANADERÍA, CAZA Y SERV. RELACIONADOS"
1998,139.92,ARGENTINA,02 SILVICULTURA Y EXPLOTACIÓN FORESTAL
1998,4756.08,ARGENTINA,03 PESCA Y ACUICULTURA
1998,8.65,ARGENTINA,08 OTRAS INDUSTRIAS EXTRACTIVAS
1998,2103.54,ARGENTINA,10 INDUSTRIA DE LA ALIMENTACIÓN
1998,1662.74,ARGENTINA,11 FABRICACIÓN DE BEBIDAS
1998,587.86,ARGENTINA,13 INDUSTRIA TEXTIL
1998,9015.18,ARGENTINA,14 CONFECCIÓN DE PRENDAS DE VESTIR
1998,436.69,ARGENTINA,"16 INDUSTRIA MADERA Y CORCHO, EXCEPTO MUEBLES, CESTERÍA"
1998,6.88,ARGENTINA,17 INDUSTRIA DEL PAPEL
1998,0,ARGENTINA,18 ARTES GRÁFICAS Y REPRODUCCIÓN DE SOPORTES GRABADOS
1998,51216.850000000006,ARGENTINA,20 INDUSTRIA QUÍMICA
1998,21701.1,ARGENTINA,22 FABRICACIÓN DE PRODUCTOS DE CAUCHO Y PLÁSTICOS
1998,38068.21,ARGENTINA,23 FABRICACIÓN DE OTROS PRODUCTOS MINERALES NO METÁLICO
1998,5.52,ARGENTINA,"24 METALURGIA; FABRICACION PRODUCTOS HIERRO, ACERO"
1998,552.01,ARGENTINA,"25 FABRICACIÓN DE PRODUCTOS METÁLICOS, EXCEPTO MAQUINAR"
1998,220.87,ARGENTINA,"26 FABRICACIÓN DE PRODUCTOS INFORMÁTICOS, ELECTRÓNICOS"
1998,686.52,ARGENTINA,27 FABRICACIÓN DE MATERIAL Y EQUIPO ELÉCTRICO
1998,67.83,ARGENTINA,28 FABRICACIÓN DE MAQUINARIA Y EQUIPO N.C.O.P.
1998,6872.33,ARGENTINA,"29 FABRICACIÓN DE VEHÍCULOS DE MOTOR, REMOLQUES"
1998,10.72,ARGENTINA,30 FABRICACIÓN DE OTRO MATERIAL DE TRANSPORTE
1998,325.13,ARGENTINA,33 REPARACIÓN E INSTALACIÓN DE MAQUINARIA Y EQUIPO
1998,31031,ARGENTINA,"35 SUMINISTRO DE ENERGÍA ELÉCTRICA, GAS, VAPOR Y AIRE"
1998,63241.36,ARGENTINA,"36 CAPTACIÓN, DEPURACIÓN Y DISTRIBUCIÓN DE AGUA"
1998,2193.09,ARGENTINA,"38 RECOGIDA, TRATAMIENTO Y ELIMINACIÓN DE RESIDUOS"
1998,1400.51,ARGENTINA,41 CONSTRUCCIÓN DE EDIFICIOS
1998,819.89,ARGENTINA,42 INGENIERÍA CIVIL
1998,1504.83,ARGENTINA,43 ACTIVIDADES DE CONSTRUCCIÓN ESPECIALIZADA
1998,13484.380000000003,ARGENTINA,"46 COMER.MAYOR E INTERME.COMERCIO,EXCEP.VEHÍCULOS MOTOR"
1998,49136.49,ARGENTINA,"47 COMERCIO AL POR MENOR, EXCEPTO DE VEHÍCULOS DE MOTOR"
1998,21.64,ARGENTINA,52 ALMACENAMIENTO Y ACTIVIDADES ANEXAS AL TRANSPORTE
1998,10.81,ARGENTINA,55 SERVICIOS DE ALOJAMIENTO
1998,5808.19,ARGENTINA,58 EDICIÓN
1998,380.33000000000004,ARGENTINA,"62 PROGRAMACIÓN,CONSULTORÍA,OTRAS ACTIVIDADES RELAC."
1998,4398.46,ARGENTINA,63 SERVICIOS DE INFORMACIÓN
1998,815736.87,ARGENTINA,"64 SERVICIOS FINANCIEROS,EXCEP.SEGUROS Y FONDOS PENSION"
1998,28194.44,ARGENTINA,"65 SEGUROS,REASEGURO.FONDOS PENSION, EXCEPTO S.SOCIAL"
1998,6648.96,ARGENTINA,66 ACTIVIDADES AUXILIARES A LOS SERVICIOS FINANCIEROS
1998,8954.669999999998,ARGENTINA,68 ACTIVIDADES INMOBILIARIAS
1998,60.1,ARGENTINA,69 ACTIVIDADES JURÍDICAS Y DE CONTABILIDAD
1998,10.92,ARGENTINA,70 ACTV. SEDES CENTRALES; ACTIV. CONSULTORÍA DE GESTIÓN
1998,12464.640000000001,ARGENTINA,71 SERVICIOS TECNICOS ARQUITECTURA E INGENIERIA
1998,1197.77,ARGENTINA,73 PUBLICIDAD Y ESTUDIOS DE MERCADO
1998,262.05,ARGENTINA,"74 OTRAS ACTIV. PROFESIONALES, CIENTÍFICAS Y TÉCNICAS"
1998,6611.13,ARGENTINA,"79 ACTIVI. AGENCIAS VIAJE, OPERADOR TURÍST. RESERVAS"
1998,181.88,ARGENTINA,PERSONAS FÍSICAS (SIN SECTOR DE ACTIVIDAD)
1999,32.91,ARGENTINA,"01 AGRICULTURA, GANADERÍA, CAZA Y SERV. RELACIONADOS"
1999,777.61,ARGENTINA,02 SILVICULTURA Y EXPLOTACIÓN FORESTAL
1999,0,ARGENTINA,03 PESCA Y ACUICULTURA
1999,346.18,ARGENTINA,08 OTRAS INDUSTRIAS EXTRACTIVAS
1999,12.23,ARGENTINA,10 INDUSTRIA DE LA ALIMENTACIÓN
1999,2661.45,ARGENTINA,11 FABRICACIÓN DE BEBIDAS
1999,357.14,ARGENTINA,13 INDUSTRIA TEXTIL
1999,31667.16,ARGENTINA,14 CONFECCIÓN DE PRENDAS DE VESTIR
1999,3971.26,ARGENTINA,17 INDUSTRIA DEL PAPEL
1999,267646.23,ARGENTINA,20 INDUSTRIA QUÍMICA
1999,127.98,ARGENTINA,21 FABRICACIÓN DE PRODUCTOS FARMACÉUTICOS
1999,574.2,ARGENTINA,22 FABRICACIÓN DE PRODUCTOS DE CAUCHO Y PLÁSTICOS
1999,11408.24,ARGENTINA,23 FABRICACIÓN DE OTROS PRODUCTOS MINERALES NO METÁLICO
1999,112.8,ARGENTINA,"24 METALURGIA; FABRICACION PRODUCTOS HIERRO, ACERO"
1999,17049.969999999998,ARGENTINA,"25 FABRICACIÓN DE PRODUCTOS METÁLICOS, EXCEPTO MAQUINAR"
1999,30.799999999999997,ARGENTINA,"26 FABRICACIÓN DE PRODUCTOS INFORMÁTICOS, ELECTRÓNICOS"
1999,871.44,ARGENTINA,27 FABRICACIÓN DE MATERIAL Y EQUIPO ELÉCTRICO
1999,647.46,ARGENTINA,28 FABRICACIÓN DE MAQUINARIA Y EQUIPO N.C.O.P.
1999,4500.86,ARGENTINA,"29 FABRICACIÓN DE VEHÍCULOS DE MOTOR, REMOLQUES"
1999,213.6,ARGENTINA,33 REPARACIÓN E INSTALACIÓN DE MAQUINARIA Y EQUIPO
1999,1101.8200000000002,ARGENTINA,"36 CAPTACIÓN, DEPURACIÓN Y DISTRIBUCIÓN DE AGUA"
1999,5382.49,ARGENTINA,"38 RECOGIDA, TRATAMIENTO Y ELIMINACIÓN DE RESIDUOS"
1999,15204.7,ARGENTINA,41 CONSTRUCCIÓN DE EDIFICIOS
1999,12872.25,ARGENTINA,42 INGENIERÍA CIVIL
1999,220.35,ARGENTINA,43 ACTIVIDADES DE CONSTRUCCIÓN ESPECIALIZADA
1999,15475.729999999998,ARGENTINA,"46 COMER.MAYOR E INTERME.COMERCIO,EXCEP.VEHÍCULOS MOTOR"
1999,273447.59,ARGENTINA,"47 COMERCIO AL POR MENOR, EXCEPTO DE VEHÍCULOS DE MOTOR"
1999,11.42,ARGENTINA,52 ALMACENAMIENTO Y ACTIVIDADES ANEXAS AL TRANSPORTE
1999,0.06,ARGENTINA,56 SERVICIOS DE COMIDAS Y BEBIDAS
1999,2273.54,ARGENTINA,58 EDICIÓN
1999,584.47,ARGENTINA,"59 ACTIV. CINEMATOGRÁF, DE VÍDEO Y PROGRA. DE TV, GRAB."
1999,8583.56,ARGENTINA,60 ACTIVIDADES DE PROGRAMACIÓN Y EMISIÓN DE RADIO Y TEL
1999,11.33,ARGENTINA,61 TELECOMUNICACIONES
1999,13965.059999999998,ARGENTINA,"62 PROGRAMACIÓN,CONSULTORÍA,OTRAS ACTIVIDADES RELAC."
1999,355.03,ARGENTINA,63 SERVICIOS DE INFORMACIÓN
1999,14912695.91,ARGENTINA,"64 SERVICIOS FINANCIEROS,EXCEP.SEGUROS Y FONDOS PENSION"
1999,40191.97,ARGENTINA,"65 SEGUROS,REASEGURO.FONDOS PENSION, EXCEPTO S.SOCIAL"
1999,11.27,ARGENTINA,66 ACTIVIDADES AUXILIARES A LOS SERVICIOS FINANCIEROS
1999,3153.1899999999996,ARGENTINA,68 ACTIVIDADES INMOBILIARIAS
1999,5983.97,ARGENTINA,69 ACTIVIDADES JURÍDICAS Y DE CONTABILIDAD
1999,1904.5400000000002,ARGENTINA,70 ACTV. SEDES CENTRALES; ACTIV. CONSULTORÍA DE GESTIÓN
1999,19698.23,ARGENTINA,71 SERVICIOS TECNICOS ARQUITECTURA E INGENIERIA
1999,13246.819999999998,ARGENTINA,73 PUBLICIDAD Y ESTUDIOS DE MERCADO
1999,202.48,ARGENTINA,"74 OTRAS ACTIV. PROFESIONALES, CIENTÍFICAS Y TÉCNICAS"
1999,6.13,ARGENTINA,78 ACTIVIDADES RELACIONADAS CON EL EMPLEO
1999,14407.830000000002,ARGENTINA,81 SERVICIOS A EDIFICIOS Y ACTIVIDADES DE JARDINERÍA
1999,1074.34,ARGENTINA,92 ACTIVIDADES DE JUEGOS DE AZAR Y APUESTAS
1999,420.67,ARGENTINA,"95 REPARACIÓN ORDENADORES, EFECTOS PERSONALES"
1999,807.93,ARGENTINA,PERSONAS FÍSICAS (SIN SECTOR DE ACTIVIDAD)
2000,1573.4699999999998,ARGENTINA,02 SILVICULTURA Y EXPLOTACIÓN FORESTAL
2000,5781.05,ARGENTINA,03 PESCA Y ACUICULTURA
2000,239.58,ARGENTINA,10 INDUSTRIA DE LA ALIMENTACIÓN
2000,3982.77,ARGENTINA,11 FABRICACIÓN DE BEBIDAS
2000,96.14,ARGENTINA,13 INDUSTRIA TEXTIL
2000,42070.85,ARGENTINA,14 CONFECCIÓN DE PRENDAS DE VESTIR
2000,847.18,ARGENTINA,17 INDUSTRIA DEL PAPEL
2000,2970.6000000000004,ARGENTINA,20 INDUSTRIA QUÍMICA
2000,599.4699999999999,ARGENTINA,21 FABRICACIÓN DE PRODUCTOS FARMACÉUTICOS
2000,309.87,ARGENTINA,22 FABRICACIÓN DE PRODUCTOS DE CAUCHO Y PLÁSTICOS
2000,15316.86,ARGENTINA,23 FABRICACIÓN DE OTROS PRODUCTOS MINERALES NO METÁLICO
2000,70.91,ARGENTINA,"24 METALURGIA; FABRICACION PRODUCTOS HIERRO, ACERO"
2000,14650.47,ARGENTINA,"25 FABRICACIÓN DE PRODUCTOS METÁLICOS, EXCEPTO MAQUINAR"
2000,2806.32,ARGENTINA,27 FABRICACIÓN DE MATERIAL Y EQUIPO ELÉCTRICO
2000,8419.38,ARGENTINA,28 FABRICACIÓN DE MAQUINARIA Y EQUIPO N.C.O.P.
2000,7978.71,ARGENTINA,"29 FABRICACIÓN DE VEHÍCULOS DE MOTOR, REMOLQUES"
2000,2281.31,ARGENTINA,33 REPARACIÓN E INSTALACIÓN DE MAQUINARIA Y EQUIPO
2000,9173.7,ARGENTINA,"36 CAPTACIÓN, DEPURACIÓN Y DISTRIBUCIÓN DE AGUA"
2000,46273.09,ARGENTINA,"38 RECOGIDA, TRATAMIENTO Y ELIMINACIÓN DE RESIDUOS"
2000,7475.78,ARGENTINA,41 CONSTRUCCIÓN DE EDIFICIOS
2000,19599.1,ARGENTINA,42 INGENIERÍA CIVIL
2000,114.98,ARGENTINA,43 ACTIVIDADES DE CONSTRUCCIÓN ESPECIALIZADA
2000,27629.370000000003,ARGENTINA,"46 COMER.MAYOR E INTERME.COMERCIO,EXCEP.VEHÍCULOS MOTOR"
2000,9933.789999999999,ARGENTINA,"47 COMERCIO AL POR MENOR, EXCEPTO DE VEHÍCULOS DE MOTOR"
2000,509.99,ARGENTINA,51 TRANSPORTE AÉREO
2000,128471.06,ARGENTINA,52 ALMACENAMIENTO Y ACTIVIDADES ANEXAS AL TRANSPORTE
2000,0.01,ARGENTINA,56 SERVICIOS DE COMIDAS Y BEBIDAS
2000,4481.93,ARGENTINA,58 EDICIÓN
2000,80468.48000000001,ARGENTINA,60 ACTIVIDADES DE PROGRAMACIÓN Y EMISIÓN DE RADIO Y TEL
2000,2581366.65,ARGENTINA,61 TELECOMUNICACIONES
2000,8223.189999999999,ARGENTINA,"62 PROGRAMACIÓN,CONSULTORÍA,OTRAS ACTIVIDADES RELAC."
2000,3,ARGENTINA,63 SERVICIOS DE INFORMACIÓN
2000,220434.18000000005,ARGENTINA,"64 SERVICIOS FINANCIEROS,EXCEP.SEGUROS Y FONDOS PENSION"
2000,7335.35,ARGENTINA,"65 SEGUROS,REASEGURO.FONDOS PENSION, EXCEPTO S.SOCIAL"
2000,0,ARGENTINA,66 ACTIVIDADES AUXILIARES A LOS SERVICIOS FINANCIEROS
2000,1351.9699999999998,ARGENTINA,68 ACTIVIDADES INMOBILIARIAS
2000,27470.719999999998,ARGENTINA,69 ACTIVIDADES JURÍDICAS Y DE CONTABILIDAD
2000,13506.4,ARGENTINA,70 ACTV. SEDES CENTRALES; ACTIV. CONSULTORÍA DE GESTIÓN
2000,1988.01,ARGENTINA,71 SERVICIOS TECNICOS ARQUITECTURA E INGENIERIA
2000,14083.47,ARGENTINA,73 PUBLICIDAD Y ESTUDIOS DE MERCADO
2000,227.42,ARGENTINA,"74 OTRAS ACTIV. PROFESIONALES, CIENTÍFICAS Y TÉCNICAS"
2000,9.53,ARGENTINA,78 ACTIVIDADES RELACIONADAS CON EL EMPLEO
2000,12.74,ARGENTINA,"79 ACTIVI. AGENCIAS VIAJE, OPERADOR TURÍST. RESERVAS"
2000,12917.02,ARGENTINA,81 SERVICIOS A EDIFICIOS Y ACTIVIDADES DE JARDINERÍA
2000,3.16,ARGENTINA,82 ACTIVIDADES ADMINISTRATIVAS DE OFICINA
2000,2347.56,ARGENTINA,PERSONAS FÍSICAS (SIN SECTOR DE ACTIVIDAD)
2001,1931.48,ARGENTINA,02 SILVICULTURA Y EXPLOTACIÓN FORESTAL
2001,1228.31,ARGENTINA,10 INDUSTRIA DE LA ALIMENTACIÓN
2001,3423.57,ARGENTINA,11 FABRICACIÓN DE BEBIDAS
2001,0.08,ARGENTINA,14 CONFECCIÓN DE PRENDAS DE VESTIR
2001,637.93,ARGENTINA,"16 INDUSTRIA MADERA Y CORCHO, EXCEPTO MUEBLES, CESTERÍA"
2001,4952.63,ARGENTINA,17 INDUSTRIA DEL PAPEL
2001,4335.0599999999995,ARGENTINA,20 INDUSTRIA QUÍMICA
2001,3437.72,ARGENTINA,21 FABRICACIÓN DE PRODUCTOS FARMACÉUTICOS
2001,8742.61,ARGENTINA,22 FABRICACIÓN DE PRODUCTOS DE CAUCHO Y PLÁSTICOS
2001,1423.1,ARGENTINA,23 FABRICACIÓN DE OTROS PRODUCTOS MINERALES NO METÁLICO
2001,213.57,ARGENTINA,"24 METALURGIA; FABRICACION PRODUCTOS HIERRO, ACERO"
2001,422.17,ARGENTINA,"25 FABRICACIÓN DE PRODUCTOS METÁLICOS, EXCEPTO MAQUINAR"
2001,15.45,ARGENTINA,"26 FABRICACIÓN DE PRODUCTOS INFORMÁTICOS, ELECTRÓNICOS"
2001,1068.51,ARGENTINA,27 FABRICACIÓN DE MATERIAL Y EQUIPO ELÉCTRICO
2001,347.36,ARGENTINA,28 FABRICACIÓN DE MAQUINARIA Y EQUIPO N.C.O.P.
2001,344938.71,ARGENTINA,"29 FABRICACIÓN DE VEHÍCULOS DE MOTOR, REMOLQUES"
2001,3283.5,ARGENTINA,30 FABRICACIÓN DE OTRO MATERIAL DE TRANSPORTE
2001,270.46,ARGENTINA,"35 SUMINISTRO DE ENERGÍA ELÉCTRICA, GAS, VAPOR Y AIRE"
2001,919.48,ARGENTINA,"36 CAPTACIÓN, DEPURACIÓN Y DISTRIBUCIÓN DE AGUA"
2001,8107.9,ARGENTINA,42 INGENIERÍA CIVIL
2001,1072.39,ARGENTINA,43 ACTIVIDADES DE CONSTRUCCIÓN ESPECIALIZADA
2001,173706.35,ARGENTINA,"46 COMER.MAYOR E INTERME.COMERCIO,EXCEP.VEHÍCULOS MOTOR"
2001,70461.03,ARGENTINA,"47 COMERCIO AL POR MENOR, EXCEPTO DE VEHÍCULOS DE MOTOR"
2001,13.36,ARGENTINA,50 TRANSPORTE MARÍTIMO Y POR VÍAS NAVEGABLES INTERIORES
2001,1085.42,ARGENTINA,51 TRANSPORTE AÉREO
2001,14438.28,ARGENTINA,58 EDICIÓN
2001,0,ARGENTINA,"59 ACTIV. CINEMATOGRÁF, DE VÍDEO Y PROGRA. DE TV, GRAB."
2001,33657.09,ARGENTINA,60 ACTIVIDADES DE PROGRAMACIÓN Y EMISIÓN DE RADIO Y TEL
2001,2562.71,ARGENTINA,61 TELECOMUNICACIONES
2001,1425.44,ARGENTINA,"62 PROGRAMACIÓN,CONSULTORÍA,OTRAS ACTIVIDADES RELAC."
2001,1135092.42,ARGENTINA,"64 SERVICIOS FINANCIEROS,EXCEP.SEGUROS Y FONDOS PENSION"
2001,2090.9,ARGENTINA,"65 SEGUROS,REASEGURO.FONDOS PENSION, EXCEPTO S.SOCIAL"
2001,1262.66,ARGENTINA,68 ACTIVIDADES INMOBILIARIAS
2001,25776.37,ARGENTINA,70 ACTV. SEDES CENTRALES; ACTIV. CONSULTORÍA DE GESTIÓN
2001,1102.77,ARGENTINA,71 SERVICIOS TECNICOS ARQUITECTURA E INGENIERIA
2001,12296.06,ARGENTINA,73 PUBLICIDAD Y ESTUDIOS DE MERCADO
2001,267.71000000000004,ARGENTINA,"79 ACTIVI. AGENCIAS VIAJE, OPERADOR TURÍST. RESERVAS"
2001,273194.05,ARGENTINA,80 ACTIVIDADES DE SEGURIDAD E INVESTIGACIÓN
2001,14388.49,ARGENTINA,81 SERVICIOS A EDIFICIOS Y ACTIVIDADES DE JARDINERÍA
2001,1637.75,ARGENTINA,82 ACTIVIDADES ADMINISTRATIVAS DE OFICINA
2001,491.2200000000001,ARGENTINA,PERSONAS FÍSICAS (SIN SECTOR DE ACTIVIDAD)
2002,686.22,ARGENTINA,"01 AGRICULTURA, GANADERÍA, CAZA Y SERV. RELACIONADOS"
2002,991.27,ARGENTINA,02 SILVICULTURA Y EXPLOTACIÓN FORESTAL
2002,364.37,ARGENTINA,03 PESCA Y ACUICULTURA
2002,341.44,ARGENTINA,10 INDUSTRIA DE LA ALIMENTACIÓN
2002,5018.1900000000005,ARGENTINA,11 FABRICACIÓN DE BEBIDAS
2002,27573.96,ARGENTINA,14 CONFECCIÓN DE PRENDAS DE VESTIR
2002,2075.16,ARGENTINA,17 INDUSTRIA DEL PAPEL
2002,557.3000000000001,ARGENTINA,20 INDUSTRIA QUÍMICA
2002,9086.92,ARGENTINA,21 FABRICACIÓN DE PRODUCTOS FARMACÉUTICOS
2002,450,ARGENTINA,22 FABRICACIÓN DE PRODUCTOS DE CAUCHO Y PLÁSTICOS
2002,653.89,ARGENTINA,"25 FABRICACIÓN DE PRODUCTOS METÁLICOS, EXCEPTO MAQUINAR"
2002,12908.73,ARGENTINA,27 FABRICACIÓN DE MATERIAL Y EQUIPO ELÉCTRICO
2002,419,ARGENTINA,28 FABRICACIÓN DE MAQUINARIA Y EQUIPO N.C.O.P.
2002,61094.04,ARGENTINA,"29 FABRICACIÓN DE VEHÍCULOS DE MOTOR, REMOLQUES"
2002,796.81,ARGENTINA,30 FABRICACIÓN DE OTRO MATERIAL DE TRANSPORTE
2002,1886.39,ARGENTINA,31 FABRICACIÓN DE MUEBLES
2002,1934.57,ARGENTINA,"36 CAPTACIÓN, DEPURACIÓN Y DISTRIBUCIÓN DE AGUA"
2002,130,ARGENTINA,41 CONSTRUCCIÓN DE EDIFICIOS
2002,2709.28,ARGENTINA,"46 COMER.MAYOR E INTERME.COMERCIO,EXCEP.VEHÍCULOS MOTOR"
2002,772.37,ARGENTINA,"47 COMERCIO AL POR MENOR, EXCEPTO DE VEHÍCULOS DE MOTOR"
2002,9654.75,ARGENTINA,58 EDICIÓN
2002,78831.78,ARGENTINA,60 ACTIVIDADES DE PROGRAMACIÓN Y EMISIÓN DE RADIO Y TEL
2002,2628.23,ARGENTINA,"62 PROGRAMACIÓN,CONSULTORÍA,OTRAS ACTIVIDADES RELAC."
2002,413875.47,ARGENTINA,"64 SERVICIOS FINANCIEROS,EXCEP.SEGUROS Y FONDOS PENSION"
2002,11415.37,ARGENTINA,"65 SEGUROS,REASEGURO.FONDOS PENSION, EXCEPTO S.SOCIAL"
2002,968.68,ARGENTINA,68 ACTIVIDADES INMOBILIARIAS
2002,7483.82,ARGENTINA,69 ACTIVIDADES JURÍDICAS Y DE CONTABILIDAD
2002,136,ARGENTINA,70 ACTV. SEDES CENTRALES; ACTIV. CONSULTORÍA DE GESTIÓN
2002,71.5,ARGENTINA,71 SERVICIOS TECNICOS ARQUITECTURA E INGENIERIA
2002,6,ARGENTINA,73 PUBLICIDAD Y ESTUDIOS DE MERCADO
2002,99.48,ARGENTINA,"74 OTRAS ACTIV. PROFESIONALES, CIENTÍFICAS Y TÉCNICAS"
2002,45,ARGENTINA,"79 ACTIVI. AGENCIAS VIAJE, OPERADOR TURÍST. RESERVAS"
2002,36765.1,ARGENTINA,80 ACTIVIDADES DE SEGURIDAD E INVESTIGACIÓN
2002,0.28,ARGENTINA,85 EDUCACIÓN
2002,586.71,ARGENTINA,PERSONAS FÍSICAS (SIN SECTOR DE ACTIVIDAD)
2003,777.8499999999999,ARGENTINA,03 PESCA Y ACUICULTURA
2003,0,ARGENTINA,"16 INDUSTRIA MADERA Y CORCHO, EXCEPTO MUEBLES, CESTERÍA"
2003,2462.26,ARGENTINA,17 INDUSTRIA DEL PAPEL
2003,1375.44,ARGENTINA,21 FABRICACIÓN DE PRODUCTOS FARMACÉUTICOS
2003,59601.24,ARGENTINA,23 FABRICACIÓN DE OTROS PRODUCTOS MINERALES NO METÁLICO
2003,18.18,ARGENTINA,"25 FABRICACIÓN DE PRODUCTOS METÁLICOS, EXCEPTO MAQUINAR"
2003,2649.92,ARGENTINA,27 FABRICACIÓN DE MATERIAL Y EQUIPO ELÉCTRICO
2003,2230.94,ARGENTINA,"29 FABRICACIÓN DE VEHÍCULOS DE MOTOR, REMOLQUES"
2003,0,ARGENTINA,31 FABRICACIÓN DE MUEBLES
2003,277.35,ARGENTINA,32 OTRAS INDUSTRIAS MANUFACTURERAS
2003,0.22,ARGENTINA,41 CONSTRUCCIÓN DE EDIFICIOS
2003,196,ARGENTINA,42 INGENIERÍA CIVIL
2003,2550,ARGENTINA,45 VENTA Y REPARACIÓN DE VEHÍCULOS DE MOTOR Y MOTOCICL.
2003,4810.080000000001,ARGENTINA,"46 COMER.MAYOR E INTERME.COMERCIO,EXCEP.VEHÍCULOS MOTOR"
2003,3603.58,ARGENTINA,50 TRANSPORTE MARÍTIMO Y POR VÍAS NAVEGABLES INTERIORES
2003,52060.75,ARGENTINA,51 TRANSPORTE AÉREO
2003,1.34,ARGENTINA,52 ALMACENAMIENTO Y ACTIVIDADES ANEXAS AL TRANSPORTE
2003,2551.32,ARGENTINA,58 EDICIÓN
2003,2119.58,ARGENTINA,61 TELECOMUNICACIONES
2003,6267.17,ARGENTINA,"62 PROGRAMACIÓN,CONSULTORÍA,OTRAS ACTIVIDADES RELAC."
2003,313192.46,ARGENTINA,"64 SERVICIOS FINANCIEROS,EXCEP.SEGUROS Y FONDOS PENSION"
2003,937.67,ARGENTINA,"65 SEGUROS,REASEGURO.FONDOS PENSION, EXCEPTO S.SOCIAL"
2003,389.89,ARGENTINA,68 ACTIVIDADES INMOBILIARIAS
2003,1612.28,ARGENTINA,69 ACTIVIDADES JURÍDICAS Y DE CONTABILIDAD
2003,18.07,ARGENTINA,70 ACTV. SEDES CENTRALES; ACTIV. CONSULTORÍA DE GESTIÓN
2003,8051.71,ARGENTINA,73 PUBLICIDAD Y ESTUDIOS DE MERCADO
2003,0,ARGENTINA,"74 OTRAS ACTIV. PROFESIONALES, CIENTÍFICAS Y TÉCNICAS"
2003,3244.57,ARGENTINA,81 SERVICIOS A EDIFICIOS Y ACTIVIDADES DE JARDINERÍA
2003,197.43,ARGENTINA,82 ACTIVIDADES ADMINISTRATIVAS DE OFICINA
2003,395.12,ARGENTINA,PERSONAS FÍSICAS (SIN SECTOR DE ACTIVIDAD)
2004,644.2,ARGENTINA,"01 AGRICULTURA, GANADERÍA, CAZA Y SERV. RELACIONADOS"
2004,3.22,ARGENTINA,03 PESCA Y ACUICULTURA
2004,1862.93,ARGENTINA,10 INDUSTRIA DE LA ALIMENTACIÓN
2004,8816.3,ARGENTINA,11 FABRICACIÓN DE BEBIDAS
2004,5754.65,ARGENTINA,14 CONFECCIÓN DE PRENDAS DE VESTIR
2004,0,ARGENTINA,"16 INDUSTRIA MADERA Y CORCHO, EXCEPTO MUEBLES, CESTERÍA"
2004,50.59,ARGENTINA,20 INDUSTRIA QUÍMICA
2004,1425.19,ARGENTINA,21 FABRICACIÓN DE PRODUCTOS FARMACÉUTICOS
2004,1093.62,ARGENTINA,23 FABRICACIÓN DE OTROS PRODUCTOS MINERALES NO METÁLICO
2004,17965.23,ARGENTINA,"25 FABRICACIÓN DE PRODUCTOS METÁLICOS, EXCEPTO MAQUINAR"
2004,5686.74,ARGENTINA,27 FABRICACIÓN DE MATERIAL Y EQUIPO ELÉCTRICO
2004,80.8,ARGENTINA,28 FABRICACIÓN DE MAQUINARIA Y EQUIPO N.C.O.P.
2004,2874.47,ARGENTINA,"29 FABRICACIÓN DE VEHÍCULOS DE MOTOR, REMOLQUES"
2004,300.15,ARGENTINA,31 FABRICACIÓN DE MUEBLES
2004,0,ARGENTINA,32 OTRAS INDUSTRIAS MANUFACTURERAS
2004,5951.65,ARGENTINA,41 CONSTRUCCIÓN DE EDIFICIOS
2004,255.88,ARGENTINA,42 INGENIERÍA CIVIL
2004,0,ARGENTINA,43 ACTIVIDADES DE CONSTRUCCIÓN ESPECIALIZADA
2004,2817.3100000000004,ARGENTINA,"46 COMER.MAYOR E INTERME.COMERCIO,EXCEP.VEHÍCULOS MOTOR"
2004,3177.94,ARGENTINA,50 TRANSPORTE MARÍTIMO Y POR VÍAS NAVEGABLES INTERIORES
2004,7434.98,ARGENTINA,55 SERVICIOS DE ALOJAMIENTO
2004,0,ARGENTINA,60 ACTIVIDADES DE PROGRAMACIÓN Y EMISIÓN DE RADIO Y TEL
2004,369.22,ARGENTINA,"62 PROGRAMACIÓN,CONSULTORÍA,OTRAS ACTIVIDADES RELAC."
2004,166770.25,ARGENTINA,"64 SERVICIOS FINANCIEROS,EXCEP.SEGUROS Y FONDOS PENSION"
2004,0,ARGENTINA,"65 SEGUROS,REASEGURO.FONDOS PENSION, EXCEPTO S.SOCIAL"
2004,6471.44,ARGENTINA,66 ACTIVIDADES AUXILIARES A LOS SERVICIOS FINANCIEROS
2004,5033.179999999999,ARGENTINA,68 ACTIVIDADES INMOBILIARIAS
2004,1110.65,ARGENTINA,70 ACTV. SEDES CENTRALES; ACTIV. CONSULTORÍA DE GESTIÓN
2004,200.25,ARGENTINA,71 SERVICIOS TECNICOS ARQUITECTURA E INGENIERIA
2004,50.25,ARGENTINA,81 SERVICIOS A EDIFICIOS Y ACTIVIDADES DE JARDINERÍA
2004,1.33,ARGENTINA,82 ACTIVIDADES ADMINISTRATIVAS DE OFICINA
2004,1028.15,ARGENTINA,PERSONAS FÍSICAS (SIN SECTOR DE ACTIVIDAD)
2005,36.52,ARGENTINA,"01 AGRICULTURA, GANADERÍA, CAZA Y SERV. RELACIONADOS"
2005,194.47,ARGENTINA,02 SILVICULTURA Y EXPLOTACIÓN FORESTAL
2005,2621.49,ARGENTINA,10 INDUSTRIA DE LA ALIMENTACIÓN
2005,2101.18,ARGENTINA,11 FABRICACIÓN DE BEBIDAS
2005,167.6,ARGENTINA,14 CONFECCIÓN DE PRENDAS DE VESTIR
2005,1206.59,ARGENTINA,17 INDUSTRIA DEL PAPEL
2005,100199.7,ARGENTINA,20 INDUSTRIA QUÍMICA
2005,1548.1699999999998,ARGENTINA,21 FABRICACIÓN DE PRODUCTOS FARMACÉUTICOS
2005,0,ARGENTINA,22 FABRICACIÓN DE PRODUCTOS DE CAUCHO Y PLÁSTICOS
2005,20906.12,ARGENTINA,23 FABRICACIÓN DE OTROS PRODUCTOS MINERALES NO METÁLICO
2005,478.46,ARGENTINA,"24 METALURGIA; FABRICACION PRODUCTOS HIERRO, ACERO"
2005,2925.99,ARGENTINA,"25 FABRICACIÓN DE PRODUCTOS METÁLICOS, EXCEPTO MAQUINAR"
2005,15743.32,ARGENTINA,"26 FABRICACIÓN DE PRODUCTOS INFORMÁTICOS, ELECTRÓNICOS"
2005,224.75,ARGENTINA,27 FABRICACIÓN DE MATERIAL Y EQUIPO ELÉCTRICO
2005,196.26,ARGENTINA,28 FABRICACIÓN DE MAQUINARIA Y EQUIPO N.C.O.P.
2005,191656.4,ARGENTINA,"29 FABRICACIÓN DE VEHÍCULOS DE MOTOR, REMOLQUES"
2005,377.78,ARGENTINA,31 FABRICACIÓN DE MUEBLES
2005,53505.36,ARGENTINA,32 OTRAS INDUSTRIAS MANUFACTURERAS
2005,44.56,ARGENTINA,"38 RECOGIDA, TRATAMIENTO Y ELIMINACIÓN DE RESIDUOS"
2005,6586.27,ARGENTINA,41 CONSTRUCCIÓN DE EDIFICIOS
2005,797.86,ARGENTINA,42 INGENIERÍA CIVIL
2005,2183.61,ARGENTINA,43 ACTIVIDADES DE CONSTRUCCIÓN ESPECIALIZADA
2005,38172.479999999996,ARGENTINA,"46 COMER.MAYOR E INTERME.COMERCIO,EXCEP.VEHÍCULOS MOTOR"
2005,303.65,ARGENTINA,"47 COMERCIO AL POR MENOR, EXCEPTO DE VEHÍCULOS DE MOTOR"
2005,1218.31,ARGENTINA,50 TRANSPORTE MARÍTIMO Y POR VÍAS NAVEGABLES INTERIORES
2005,0,ARGENTINA,52 ALMACENAMIENTO Y ACTIVIDADES ANEXAS AL TRANSPORTE
2005,821.63,ARGENTINA,55 SERVICIOS DE ALOJAMIENTO
2005,36,ARGENTINA,58 EDICIÓN
2005,367142.62,ARGENTINA,60 ACTIVIDADES DE PROGRAMACIÓN Y EMISIÓN DE RADIO Y TEL
2005,528.51,ARGENTINA,61 TELECOMUNICACIONES
2005,2475.66,ARGENTINA,"62 PROGRAMACIÓN,CONSULTORÍA,OTRAS ACTIVIDADES RELAC."
2005,1334256.3600000006,ARGENTINA,"64 SERVICIOS FINANCIEROS,EXCEP.SEGUROS Y FONDOS PENSION"
2005,2182.81,ARGENTINA,"65 SEGUROS,REASEGURO.FONDOS PENSION, EXCEPTO S.SOCIAL"
2005,117.94,ARGENTINA,68 ACTIVIDADES INMOBILIARIAS
2005,137.96,ARGENTINA,69 ACTIVIDADES JURÍDICAS Y DE CONTABILIDAD
2005,8509.27,ARGENTINA,71 SERVICIOS TECNICOS ARQUITECTURA E INGENIERIA
2005,1111.24,ARGENTINA,73 PUBLICIDAD Y ESTUDIOS DE MERCADO
2005,2179.63,ARGENTINA,"74 OTRAS ACTIV. PROFESIONALES, CIENTÍFICAS Y TÉCNICAS"
2005,723.36,ARGENTINA,"79 ACTIVI. AGENCIAS VIAJE, OPERADOR TURÍST. RESERVAS"
2005,7143.77,ARGENTINA,82 ACTIVIDADES ADMINISTRATIVAS DE OFICINA
2005,90.13,ARGENTINA,94 ACTIVIDADES ASOCIATIVAS
2005,414.9,ARGENTINA,PERSONAS FÍSICAS (SIN SECTOR DE ACTIVIDAD)
2006,2303.0499999999997,ARGENTINA,"01 AGRICULTURA, GANADERÍA, CAZA Y SERV. RELACIONADOS"
2006,705.8,ARGENTINA,02 SILVICULTURA Y EXPLOTACIÓN FORESTAL
2006,1801.84,ARGENTINA,10 INDUSTRIA DE LA ALIMENTACIÓN
2006,9071.189999999999,ARGENTINA,11 FABRICACIÓN DE BEBIDAS
2006,1561.96,ARGENTINA,17 INDUSTRIA DEL PAPEL
2006,3159.09,ARGENTINA,20 INDUSTRIA QUÍMICA
2006,1305.03,ARGENTINA,21 FABRICACIÓN DE PRODUCTOS FARMACÉUTICOS
2006,129909.98,ARGENTINA,23 FABRICACIÓN DE OTROS PRODUCTOS MINERALES NO METÁLICO
2006,89.46,ARGENTINA,28 FABRICACIÓN DE MAQUINARIA Y EQUIPO N.C.O.P.
2006,148251.89,ARGENTINA,"29 FABRICACIÓN DE VEHÍCULOS DE MOTOR, REMOLQUES"
2006,10272.7,ARGENTINA,30 FABRICACIÓN DE OTRO MATERIAL DE TRANSPORTE
2006,0,ARGENTINA,31 FABRICACIÓN DE MUEBLES
2006,3024.92,ARGENTINA,32 OTRAS INDUSTRIAS MANUFACTURERAS
2006,0,ARGENTINA,"36 CAPTACIÓN, DEPURACIÓN Y DISTRIBUCIÓN DE AGUA"
2006,11123.43,ARGENTINA,41 CONSTRUCCIÓN DE EDIFICIOS
2006,11208.8,ARGENTINA,42 INGENIERÍA CIVIL
2006,17656.15,ARGENTINA,43 ACTIVIDADES DE CONSTRUCCIÓN ESPECIALIZADA
2006,27226.67,ARGENTINA,"46 COMER.MAYOR E INTERME.COMERCIO,EXCEP.VEHÍCULOS MOTOR"
2006,0,ARGENTINA,"47 COMERCIO AL POR MENOR, EXCEPTO DE VEHÍCULOS DE MOTOR"
2006,2211.54,ARGENTINA,50 TRANSPORTE MARÍTIMO Y POR VÍAS NAVEGABLES INTERIORES
2006,181.82,ARGENTINA,55 SERVICIOS DE ALOJAMIENTO
2006,1287.06,ARGENTINA,"62 PROGRAMACIÓN,CONSULTORÍA,OTRAS ACTIVIDADES RELAC."
2006,182025.04,ARGENTINA,"64 SERVICIOS FINANCIEROS,EXCEP.SEGUROS Y FONDOS PENSION"
2006,2036.9199999999998,ARGENTINA,68 ACTIVIDADES INMOBILIARIAS
2006,114.87,ARGENTINA,"74 OTRAS ACTIV. PROFESIONALES, CIENTÍFICAS Y TÉCNICAS"
2006,482.88,ARGENTINA,77 ACTIVIDADES DE ALQUILER
2006,894.85,ARGENTINA,81 SERVICIOS A EDIFICIOS Y ACTIVIDADES DE JARDINERÍA
2006,1286.8,ARGENTINA,82 ACTIVIDADES ADMINISTRATIVAS DE OFICINA
2006,2313.89,ARGENTINA,86 ACTIVIDADES SANITARIAS
2006,2885.6900000000005,ARGENTINA,PERSONAS FÍSICAS (SIN SECTOR DE ACTIVIDAD)
2007,0,ARGENTINA,"01 AGRICULTURA, GANADERÍA, CAZA Y SERV. RELACIONADOS"
2007,631.56,ARGENTINA,02 SILVICULTURA Y EXPLOTACIÓN FORESTAL
2007,639.83,ARGENTINA,03 PESCA Y ACUICULTURA
2007,0,ARGENTINA,06 EXTRACCIÓN DE CRUDO DE PETRÓLEO Y GAS NATURAL
2007,62793.18,ARGENTINA,08 OTRAS INDUSTRIAS EXTRACTIVAS
2007,366.46,ARGENTINA,10 INDUSTRIA DE LA ALIMENTACIÓN
2007,912.96,ARGENTINA,11 FABRICACIÓN DE BEBIDAS
2007,0,ARGENTINA,13 INDUSTRIA TEXTIL
2007,546.74,ARGENTINA,14 CONFECCIÓN DE PRENDAS DE VESTIR
2007,0,ARGENTINA,15 INDUSTRIA DEL CUERO Y DEL CALZADO
2007,0,ARGENTINA,17 INDUSTRIA DEL PAPEL
2007,0,ARGENTINA,18 ARTES GRÁFICAS Y REPRODUCCIÓN DE SOPORTES GRABADOS
2007,15614.76,ARGENTINA,20 INDUSTRIA QUÍMICA
2007,1351.69,ARGENTINA,21 FABRICACIÓN DE PRODUCTOS FARMACÉUTICOS
2007,0,ARGENTINA,22 FABRICACIÓN DE PRODUCTOS DE CAUCHO Y PLÁSTICOS
2007,314.57,ARGENTINA,23 FABRICACIÓN DE OTROS PRODUCTOS MINERALES NO METÁLICO
2007,0,ARGENTINA,"24 METALURGIA; FABRICACION PRODUCTOS HIERRO, ACERO"
2007,0,ARGENTINA,"25 FABRICACIÓN DE PRODUCTOS METÁLICOS, EXCEPTO MAQUINAR"
2007,0,ARGENTINA,27 FABRICACIÓN DE MATERIAL Y EQUIPO ELÉCTRICO
2007,1928.05,ARGENTINA,28 FABRICACIÓN DE MAQUINARIA Y EQUIPO N.C.O.P.
2007,0,ARGENTINA,"29 FABRICACIÓN DE VEHÍCULOS DE MOTOR, REMOLQUES"
2007,0,ARGENTINA,30 FABRICACIÓN DE OTRO MATERIAL DE TRANSPORTE
2007,0,ARGENTINA,32 OTRAS INDUSTRIAS MANUFACTURERAS
2007,0,ARGENTINA,"35 SUMINISTRO DE ENERGÍA ELÉCTRICA, GAS, VAPOR Y AIRE"
2007,633.05,ARGENTINA,"38 RECOGIDA, TRATAMIENTO Y ELIMINACIÓN DE RESIDUOS"
2007,0,ARGENTINA,41 CONSTRUCCIÓN DE EDIFICIOS
2007,116.68,ARGENTINA,42 INGENIERÍA CIVIL
2007,60.96,ARGENTINA,43 ACTIVIDADES DE CONSTRUCCIÓN ESPECIALIZADA
2007,0,ARGENTINA,45 VENTA Y REPARACIÓN DE VEHÍCULOS DE MOTOR Y MOTOCICL.
2007,14126,ARGENTINA,"46 COMER.MAYOR E INTERME.COMERCIO,EXCEP.VEHÍCULOS MOTOR"
2007,96.42,ARGENTINA,"47 COMERCIO AL POR MENOR, EXCEPTO DE VEHÍCULOS DE MOTOR"
2007,3679.72,ARGENTINA,50 TRANSPORTE MARÍTIMO Y POR VÍAS NAVEGABLES INTERIORES
2007,0,ARGENTINA,51 TRANSPORTE AÉREO
2007,2762.31,ARGENTINA,52 ALMACENAMIENTO Y ACTIVIDADES ANEXAS AL TRANSPORTE
2007,45,ARGENTINA,55 SERVICIOS DE ALOJAMIENTO
2007,0,ARGENTINA,56 SERVICIOS DE COMIDAS Y BEBIDAS
2007,51367.95999999999,ARGENTINA,58 EDICIÓN
2007,0,ARGENTINA,"59 ACTIV. CINEMATOGRÁF, DE VÍDEO Y PROGRA. DE TV, GRAB."
2007,0,ARGENTINA,60 ACTIVIDADES DE PROGRAMACIÓN Y EMISIÓN DE RADIO Y TEL
2007,0,ARGENTINA,61 TELECOMUNICACIONES
2007,0,ARGENTINA,"62 PROGRAMACIÓN,CONSULTORÍA,OTRAS ACTIVIDADES RELAC."
2007,0,ARGENTINA,63 SERVICIOS DE INFORMACIÓN
2007,316611.07,ARGENTINA,"64 SERVICIOS FINANCIEROS,EXCEP.SEGUROS Y FONDOS PENSION"
2007,0,ARGENTINA,"65 SEGUROS,REASEGURO.FONDOS PENSION, EXCEPTO S.SOCIAL"
2007,0,ARGENTINA,66 ACTIVIDADES AUXILIARES A LOS SERVICIOS FINANCIEROS
2007,13270.12,ARGENTINA,68 ACTIVIDADES INMOBILIARIAS
2007,6267.669999999999,ARGENTINA,69 ACTIVIDADES JURÍDICAS Y DE CONTABILIDAD
2007,56.5,ARGENTINA,70 ACTV. SEDES CENTRALES; ACTIV. CONSULTORÍA DE GESTIÓN
2007,0,ARGENTINA,71 SERVICIOS TECNICOS ARQUITECTURA E INGENIERIA
2007,0,ARGENTINA,73 PUBLICIDAD Y ESTUDIOS DE MERCADO
2007,4470.6,ARGENTINA,"74 OTRAS ACTIV. PROFESIONALES, CIENTÍFICAS Y TÉCNICAS"
2007,0,ARGENTINA,77 ACTIVIDADES DE ALQUILER
2007,726.23,ARGENTINA,"79 ACTIVI. AGENCIAS VIAJE, OPERADOR TURÍST. RESERVAS"
2007,0,ARGENTINA,80 ACTIVIDADES DE SEGURIDAD E INVESTIGACIÓN
2007,1124.65,ARGENTINA,81 SERVICIOS A EDIFICIOS Y ACTIVIDADES DE JARDINERÍA
2007,7084.52,ARGENTINA,82 ACTIVIDADES ADMINISTRATIVAS DE OFICINA
2007,0,ARGENTINA,85 EDUCACIÓN
2007,11631.57,ARGENTINA,86 ACTIVIDADES SANITARIAS
2007,0,ARGENTINA,92 ACTIVIDADES DE JUEGOS DE AZAR Y APUESTAS
2007,1364.34,ARGENTINA,"93 ACTIVIDADES DEPORTIVAS, RECREATIVAS Y DE ENTRETENIM."
2007,166.1,ARGENTINA,94 ACTIVIDADES ASOCIATIVAS
2007,2477.6999999999994,ARGENTINA,PERSONAS FÍSICAS (SIN SECTOR DE ACTIVIDAD)
2008,0,ARGENTINA,"01 AGRICULTURA, GANADERÍA, CAZA Y SERV. RELACIONADOS"
2008,0,ARGENTINA,02 SILVICULTURA Y EXPLOTACIÓN FORESTAL
2008,4200,ARGENTINA,03 PESCA Y ACUICULTURA
2008,0,ARGENTINA,06 EXTRACCIÓN DE CRUDO DE PETRÓLEO Y GAS NATURAL
2008,4151.68,ARGENTINA,08 OTRAS INDUSTRIAS EXTRACTIVAS
2008,263.39,ARGENTINA,10 INDUSTRIA DE LA ALIMENTACIÓN
2008,0,ARGENTINA,11 FABRICACIÓN DE BEBIDAS
2008,0,ARGENTINA,13 INDUSTRIA TEXTIL
2008,0,ARGENTINA,14 CONFECCIÓN DE PRENDAS DE VESTIR
2008,0,ARGENTINA,15 INDUSTRIA DEL CUERO Y DEL CALZADO
2008,0,ARGENTINA,17 INDUSTRIA DEL PAPEL
2008,0,ARGENTINA,18 ARTES GRÁFICAS Y REPRODUCCIÓN DE SOPORTES GRABADOS
2008,10666.49,ARGENTINA,20 INDUSTRIA QUÍMICA
2008,1370.13,ARGENTINA,21 FABRICACIÓN DE PRODUCTOS FARMACÉUTICOS
2008,1465.51,ARGENTINA,22 FABRICACIÓN DE PRODUCTOS DE CAUCHO Y PLÁSTICOS
2008,0,ARGENTINA,23 FABRICACIÓN DE OTROS PRODUCTOS MINERALES NO METÁLICO
2008,0,ARGENTINA,"24 METALURGIA; FABRICACION PRODUCTOS HIERRO, ACERO"
2008,0,ARGENTINA,"25 FABRICACIÓN DE PRODUCTOS METÁLICOS, EXCEPTO MAQUINAR"
2008,0,ARGENTINA,28 FABRICACIÓN DE MAQUINARIA Y EQUIPO N.C.O.P.
2008,0,ARGENTINA,"29 FABRICACIÓN DE VEHÍCULOS DE MOTOR, REMOLQUES"
2008,0,ARGENTINA,30 FABRICACIÓN DE OTRO MATERIAL DE TRANSPORTE
2008,0,ARGENTINA,33 REPARACIÓN E INSTALACIÓN DE MAQUINARIA Y EQUIPO
2008,0,ARGENTINA,"35 SUMINISTRO DE ENERGÍA ELÉCTRICA, GAS, VAPOR Y AIRE"
2008,0,ARGENTINA,"38 RECOGIDA, TRATAMIENTO Y ELIMINACIÓN DE RESIDUOS"
2008,29784.45,ARGENTINA,41 CONSTRUCCIÓN DE EDIFICIOS
2008,1243,ARGENTINA,42 INGENIERÍA CIVIL
2008,0,ARGENTINA,43 ACTIVIDADES DE CONSTRUCCIÓN ESPECIALIZADA
2008,4128.69,ARGENTINA,45 VENTA Y REPARACIÓN DE VEHÍCULOS DE MOTOR Y MOTOCICL.
2008,11767.98,ARGENTINA,"46 COMER.MAYOR E INTERME.COMERCIO,EXCEP.VEHÍCULOS MOTOR"
2008,40.68,ARGENTINA,"47 COMERCIO AL POR MENOR, EXCEPTO DE VEHÍCULOS DE MOTOR"
2008,1274.34,ARGENTINA,50 TRANSPORTE MARÍTIMO Y POR VÍAS NAVEGABLES INTERIORES
2008,0,ARGENTINA,52 ALMACENAMIENTO Y ACTIVIDADES ANEXAS AL TRANSPORTE
2008,891.94,ARGENTINA,55 SERVICIOS DE ALOJAMIENTO
2008,0,ARGENTINA,56 SERVICIOS DE COMIDAS Y BEBIDAS
2008,0,ARGENTINA,58 EDICIÓN
2008,0,ARGENTINA,"59 ACTIV. CINEMATOGRÁF, DE VÍDEO Y PROGRA. DE TV, GRAB."
2008,0,ARGENTINA,60 ACTIVIDADES DE PROGRAMACIÓN Y EMISIÓN DE RADIO Y TEL
2008,0,ARGENTINA,61 TELECOMUNICACIONES
2008,805.81,ARGENTINA,"62 PROGRAMACIÓN,CONSULTORÍA,OTRAS ACTIVIDADES RELAC."
2008,0,ARGENTINA,63 SERVICIOS DE INFORMACIÓN
2008,422496.17,ARGENTINA,"64 SERVICIOS FINANCIEROS,EXCEP.SEGUROS Y FONDOS PENSION"
2008,592.0699999999999,ARGENTINA,"65 SEGUROS,REASEGURO.FONDOS PENSION, EXCEPTO S.SOCIAL"
2008,0,ARGENTINA,66 ACTIVIDADES AUXILIARES A LOS SERVICIOS FINANCIEROS
2008,11166,ARGENTINA,68 ACTIVIDADES INMOBILIARIAS
2008,7726.030000000001,ARGENTINA,69 ACTIVIDADES JURÍDICAS Y DE CONTABILIDAD
2008,17537.670000000002,ARGENTINA,70 ACTV. SEDES CENTRALES; ACTIV. CONSULTORÍA DE GESTIÓN
2008,0,ARGENTINA,71 SERVICIOS TECNICOS ARQUITECTURA E INGENIERIA
2008,0,ARGENTINA,73 PUBLICIDAD Y ESTUDIOS DE MERCADO
2008,233.61,ARGENTINA,"74 OTRAS ACTIV. PROFESIONALES, CIENTÍFICAS Y TÉCNICAS"
2008,2202.63,ARGENTINA,"79 ACTIVI. AGENCIAS VIAJE, OPERADOR TURÍST. RESERVAS"
2008,0,ARGENTINA,80 ACTIVIDADES DE SEGURIDAD E INVESTIGACIÓN
2008,961.87,ARGENTINA,81 SERVICIOS A EDIFICIOS Y ACTIVIDADES DE JARDINERÍA
2008,74.98,ARGENTINA,82 ACTIVIDADES ADMINISTRATIVAS DE OFICINA
2008,0,ARGENTINA,85 EDUCACIÓN
2008,600,ARGENTINA,86 ACTIVIDADES SANITARIAS
2008,0,ARGENTINA,92 ACTIVIDADES DE JUEGOS DE AZAR Y APUESTAS
2008,940.32,ARGENTINA,"95 REPARACIÓN ORDENADORES, EFECTOS PERSONALES"
2008,0,ARGENTINA,96 OTROS SERVICIOS PERSONALES
2008,2385.11,ARGENTINA,PERSONAS FÍSICAS (SIN SECTOR DE ACTIVIDAD)
2009,0,ARGENTINA,"01 AGRICULTURA, GANADERÍA, CAZA Y SERV. RELACIONADOS"
2009,2415.35,ARGENTINA,02 SILVICULTURA Y EXPLOTACIÓN FORESTAL
2009,4180.74,ARGENTINA,03 PESCA Y ACUICULTURA
2009,0,ARGENTINA,06 EXTRACCIÓN DE CRUDO DE PETRÓLEO Y GAS NATURAL
2009,0,ARGENTINA,08 OTRAS INDUSTRIAS EXTRACTIVAS
2009,3095.1200000000003,ARGENTINA,10 INDUSTRIA DE LA ALIMENTACIÓN
2009,189.13,ARGENTINA,11 FABRICACIÓN DE BEBIDAS
2009,0,ARGENTINA,13 INDUSTRIA TEXTIL
2009,14467.4,ARGENTINA,14 CONFECCIÓN DE PRENDAS DE VESTIR
2009,0,ARGENTINA,15 INDUSTRIA DEL CUERO Y DEL CALZADO
2009,0,ARGENTINA,17 INDUSTRIA DEL PAPEL
2009,0,ARGENTINA,18 ARTES GRÁFICAS Y REPRODUCCIÓN DE SOPORTES GRABADOS
2009,6915.35,ARGENTINA,20 INDUSTRIA QUÍMICA
2009,1778.98,ARGENTINA,21 FABRICACIÓN DE PRODUCTOS FARMACÉUTICOS
2009,7211.89,ARGENTINA,22 FABRICACIÓN DE PRODUCTOS DE CAUCHO Y PLÁSTICOS
2009,0,ARGENTINA,23 FABRICACIÓN DE OTROS PRODUCTOS MINERALES NO METÁLICO
2009,0,ARGENTINA,"24 METALURGIA; FABRICACION PRODUCTOS HIERRO, ACERO"
2009,0,ARGENTINA,"25 FABRICACIÓN DE PRODUCTOS METÁLICOS, EXCEPTO MAQUINAR"
2009,553.85,ARGENTINA,27 FABRICACIÓN DE MATERIAL Y EQUIPO ELÉCTRICO
2009,0,ARGENTINA,28 FABRICACIÓN DE MAQUINARIA Y EQUIPO N.C.O.P.
2009,0,ARGENTINA,"29 FABRICACIÓN DE VEHÍCULOS DE MOTOR, REMOLQUES"
2009,0,ARGENTINA,30 FABRICACIÓN DE OTRO MATERIAL DE TRANSPORTE
2009,0,ARGENTINA,33 REPARACIÓN E INSTALACIÓN DE MAQUINARIA Y EQUIPO
2009,0,ARGENTINA,"35 SUMINISTRO DE ENERGÍA ELÉCTRICA, GAS, VAPOR Y AIRE"
2009,0,ARGENTINA,"38 RECOGIDA, TRATAMIENTO Y ELIMINACIÓN DE RESIDUOS"
2009,21056.27,ARGENTINA,41 CONSTRUCCIÓN DE EDIFICIOS
2009,1283.69,ARGENTINA,42 INGENIERÍA CIVIL
2009,403.64,ARGENTINA,43 ACTIVIDADES DE CONSTRUCCIÓN ESPECIALIZADA
2009,648.5699999999999,ARGENTINA,45 VENTA Y REPARACIÓN DE VEHÍCULOS DE MOTOR Y MOTOCICL.
2009,15624.05,ARGENTINA,"46 COMER.MAYOR E INTERME.COMERCIO,EXCEP.VEHÍCULOS MOTOR"
2009,554.3399999999999,ARGENTINA,"47 COMERCIO AL POR MENOR, EXCEPTO DE VEHÍCULOS DE MOTOR"
2009,0,ARGENTINA,49 TRANSPORTE TERRESTRE Y POR TUBERÍA
2009,0,ARGENTINA,50 TRANSPORTE MARÍTIMO Y POR VÍAS NAVEGABLES INTERIORES
2009,0,ARGENTINA,52 ALMACENAMIENTO Y ACTIVIDADES ANEXAS AL TRANSPORTE
2009,3826.8,ARGENTINA,55 SERVICIOS DE ALOJAMIENTO
2009,0,ARGENTINA,56 SERVICIOS DE COMIDAS Y BEBIDAS
2009,654.21,ARGENTINA,58 EDICIÓN
2009,0,ARGENTINA,"59 ACTIV. CINEMATOGRÁF, DE VÍDEO Y PROGRA. DE TV, GRAB."
2009,0,ARGENTINA,60 ACTIVIDADES DE PROGRAMACIÓN Y EMISIÓN DE RADIO Y TEL
2009,0,ARGENTINA,61 TELECOMUNICACIONES
2009,387.07,ARGENTINA,"62 PROGRAMACIÓN,CONSULTORÍA,OTRAS ACTIVIDADES RELAC."
2009,0,ARGENTINA,63 SERVICIOS DE INFORMACIÓN
2009,74401.76999999999,ARGENTINA,"64 SERVICIOS FINANCIEROS,EXCEP.SEGUROS Y FONDOS PENSION"
2009,300,ARGENTINA,"65 SEGUROS,REASEGURO.FONDOS PENSION, EXCEPTO S.SOCIAL"
2009,0,ARGENTINA,66 ACTIVIDADES AUXILIARES A LOS SERVICIOS FINANCIEROS
2009,2037.7800000000002,ARGENTINA,68 ACTIVIDADES INMOBILIARIAS
2009,816.98,ARGENTINA,69 ACTIVIDADES JURÍDICAS Y DE CONTABILIDAD
2009,215.43,ARGENTINA,70 ACTV. SEDES CENTRALES; ACTIV. CONSULTORÍA DE GESTIÓN
2009,1.18,ARGENTINA,71 SERVICIOS TECNICOS ARQUITECTURA E INGENIERIA
2009,0,ARGENTINA,73 PUBLICIDAD Y ESTUDIOS DE MERCADO
2009,0,ARGENTINA,"74 OTRAS ACTIV. PROFESIONALES, CIENTÍFICAS Y TÉCNICAS"
2009,760.96,ARGENTINA,"79 ACTIVI. AGENCIAS VIAJE, OPERADOR TURÍST. RESERVAS"
2009,1474.64,ARGENTINA,80 ACTIVIDADES DE SEGURIDAD E INVESTIGACIÓN
2009,0,ARGENTINA,81 SERVICIOS A EDIFICIOS Y ACTIVIDADES DE JARDINERÍA
2009,0,ARGENTINA,82 ACTIVIDADES ADMINISTRATIVAS DE OFICINA
2009,0,ARGENTINA,85 EDUCACIÓN
2009,0,ARGENTINA,86 ACTIVIDADES SANITARIAS
2009,0,ARGENTINA,92 ACTIVIDADES DE JUEGOS DE AZAR Y APUESTAS
2009,2124.14,ARGENTINA,96 OTROS SERVICIOS PERSONALES
2009,35.71,ARGENTINA,PERSONAS FÍSICAS (SIN SECTOR DE ACTIVIDAD)
2010,0,ARGENTINA,"01 AGRICULTURA, GANADERÍA, CAZA Y SERV. RELACIONADOS"
2010,0,ARGENTINA,02 SILVICULTURA Y EXPLOTACIÓN FORESTAL
2010,0,ARGENTINA,03 PESCA Y ACUICULTURA
2010,0,ARGENTINA,06 EXTRACCIÓN DE CRUDO DE PETRÓLEO Y GAS NATURAL
2010,0,ARGENTINA,08 OTRAS INDUSTRIAS EXTRACTIVAS
2010,1282.27,ARGENTINA,10 INDUSTRIA DE LA ALIMENTACIÓN
2010,0,ARGENTINA,11 FABRICACIÓN DE BEBIDAS
2010,0,ARGENTINA,13 INDUSTRIA TEXTIL
2010,0,ARGENTINA,14 CONFECCIÓN DE PRENDAS DE VESTIR
2010,0,ARGENTINA,15 INDUSTRIA DEL CUERO Y DEL CALZADO
2010,0,ARGENTINA,17 INDUSTRIA DEL PAPEL
2010,0,ARGENTINA,18 ARTES GRÁFICAS Y REPRODUCCIÓN DE SOPORTES GRABADOS
2010,1390.43,ARGENTINA,20 INDUSTRIA QUÍMICA
2010,2341.91,ARGENTINA,21 FABRICACIÓN DE PRODUCTOS FARMACÉUTICOS
2010,0,ARGENTINA,22 FABRICACIÓN DE PRODUCTOS DE CAUCHO Y PLÁSTICOS
2010,1904.96,ARGENTINA,23 FABRICACIÓN DE OTROS PRODUCTOS MINERALES NO METÁLICO
2010,0,ARGENTINA,"24 METALURGIA; FABRICACION PRODUCTOS HIERRO, ACERO"
2010,0,ARGENTINA,"25 FABRICACIÓN DE PRODUCTOS METÁLICOS, EXCEPTO MAQUINAR"
2010,0,ARGENTINA,"26 FABRICACIÓN DE PRODUCTOS INFORMÁTICOS, ELECTRÓNICOS"
2010,0,ARGENTINA,27 FABRICACIÓN DE MATERIAL Y EQUIPO ELÉCTRICO
2010,0,ARGENTINA,28 FABRICACIÓN DE MAQUINARIA Y EQUIPO N.C.O.P.
2010,0,ARGENTINA,"29 FABRICACIÓN DE VEHÍCULOS DE MOTOR, REMOLQUES"
2010,0,ARGENTINA,30 FABRICACIÓN DE OTRO MATERIAL DE TRANSPORTE
2010,0,ARGENTINA,33 REPARACIÓN E INSTALACIÓN DE MAQUINARIA Y EQUIPO
2010,0,ARGENTINA,"35 SUMINISTRO DE ENERGÍA ELÉCTRICA, GAS, VAPOR Y AIRE"
2010,0,ARGENTINA,37 RECOGIDA Y TRATAMIENTO DE AGUAS RESIDUALES
2010,0,ARGENTINA,"38 RECOGIDA, TRATAMIENTO Y ELIMINACIÓN DE RESIDUOS"
2010,6371.700000000001,ARGENTINA,41 CONSTRUCCIÓN DE EDIFICIOS
2010,0,ARGENTINA,42 INGENIERÍA CIVIL
2010,0,ARGENTINA,43 ACTIVIDADES DE CONSTRUCCIÓN ESPECIALIZADA
2010,0,ARGENTINA,45 VENTA Y REPARACIÓN DE VEHÍCULOS DE MOTOR Y MOTOCICL.
2010,2606.05,ARGENTINA,"46 COMER.MAYOR E INTERME.COMERCIO,EXCEP.VEHÍCULOS MOTOR"
2010,255.02,ARGENTINA,"47 COMERCIO AL POR MENOR, EXCEPTO DE VEHÍCULOS DE MOTOR"
2010,0,ARGENTINA,49 TRANSPORTE TERRESTRE Y POR TUBERÍA
2010,0,ARGENTINA,50 TRANSPORTE MARÍTIMO Y POR VÍAS NAVEGABLES INTERIORES
2010,0,ARGENTINA,52 ALMACENAMIENTO Y ACTIVIDADES ANEXAS AL TRANSPORTE
2010,0,ARGENTINA,55 SERVICIOS DE ALOJAMIENTO
2010,0,ARGENTINA,56 SERVICIOS DE COMIDAS Y BEBIDAS
2010,1262.83,ARGENTINA,58 EDICIÓN
2010,0,ARGENTINA,"59 ACTIV. CINEMATOGRÁF, DE VÍDEO Y PROGRA. DE TV, GRAB."
2010,0,ARGENTINA,60 ACTIVIDADES DE PROGRAMACIÓN Y EMISIÓN DE RADIO Y TEL
2010,0,ARGENTINA,61 TELECOMUNICACIONES
2010,1248.26,ARGENTINA,"62 PROGRAMACIÓN,CONSULTORÍA,OTRAS ACTIVIDADES RELAC."
2010,0,ARGENTINA,63 SERVICIOS DE INFORMACIÓN
2010,209773.28,ARGENTINA,"64 SERVICIOS FINANCIEROS,EXCEP.SEGUROS Y FONDOS PENSION"
2010,12.15,ARGENTINA,"65 SEGUROS,REASEGURO.FONDOS PENSION, EXCEPTO S.SOCIAL"
2010,0,ARGENTINA,66 ACTIVIDADES AUXILIARES A LOS SERVICIOS FINANCIEROS
2010,1005.02,ARGENTINA,68 ACTIVIDADES INMOBILIARIAS
2010,964.9600000000002,ARGENTINA,69 ACTIVIDADES JURÍDICAS Y DE CONTABILIDAD
2010,2940.94,ARGENTINA,71 SERVICIOS TECNICOS ARQUITECTURA E INGENIERIA
2010,0,ARGENTINA,73 PUBLICIDAD Y ESTUDIOS DE MERCADO
2010,0,ARGENTINA,"74 OTRAS ACTIV. PROFESIONALES, CIENTÍFICAS Y TÉCNICAS"
2010,0,ARGENTINA,77 ACTIVIDADES DE ALQUILER
2010,128.71,ARGENTINA,"79 ACTIVI. AGENCIAS VIAJE, OPERADOR TURÍST. RESERVAS"
2010,3464.24,ARGENTINA,80 ACTIVIDADES DE SEGURIDAD E INVESTIGACIÓN
2010,6828.84,ARGENTINA,81 SERVICIOS A EDIFICIOS Y ACTIVIDADES DE JARDINERÍA
2010,0,ARGENTINA,82 ACTIVIDADES ADMINISTRATIVAS DE OFICINA
2010,0,ARGENTINA,85 EDUCACIÓN
2010,0,ARGENTINA,86 ACTIVIDADES SANITARIAS
2010,0,ARGENTINA,92 ACTIVIDADES DE JUEGOS DE AZAR Y APUESTAS
2010,0,ARGENTINA,"93 ACTIVIDADES DEPORTIVAS, RECREATIVAS Y DE ENTRETENIM."
2010,1106.1,ARGENTINA,94 ACTIVIDADES ASOCIATIVAS
2010,5259.9,ARGENTINA,96 OTROS SERVICIOS PERSONALES
2010,2.37,ARGENTINA,PERSONAS FÍSICAS (SIN SECTOR DE ACTIVIDAD)
2011,0,ARGENTINA,"01 AGRICULTURA, GANADERÍA, CAZA Y SERV. RELACIONADOS"
2011,1307.35,ARGENTINA,02 SILVICULTURA Y EXPLOTACIÓN FORESTAL
2011,0,ARGENTINA,03 PESCA Y ACUICULTURA
2011,0,ARGENTINA,06 EXTRACCIÓN DE CRUDO DE PETRÓLEO Y GAS NATURAL
2011,5.12,ARGENTINA,08 OTRAS INDUSTRIAS EXTRACTIVAS
2011,1080.26,ARGENTINA,10 INDUSTRIA DE LA ALIMENTACIÓN
2011,41.45,ARGENTINA,11 FABRICACIÓN DE BEBIDAS
2011,0,ARGENTINA,13 INDUSTRIA TEXTIL
2011,0,ARGENTINA,14 CONFECCIÓN DE PRENDAS DE VESTIR
2011,0,ARGENTINA,15 INDUSTRIA DEL CUERO Y DEL CALZADO
2011,0,ARGENTINA,17 INDUSTRIA DEL PAPEL
2011,3406.36,ARGENTINA,20 INDUSTRIA QUÍMICA
2011,3301.31,ARGENTINA,21 FABRICACIÓN DE PRODUCTOS FARMACÉUTICOS
2011,7909.37,ARGENTINA,22 FABRICACIÓN DE PRODUCTOS DE CAUCHO Y PLÁSTICOS
2011,32870.96,ARGENTINA,23 FABRICACIÓN DE OTROS PRODUCTOS MINERALES NO METÁLICO
2011,0,ARGENTINA,"24 METALURGIA; FABRICACION PRODUCTOS HIERRO, ACERO"
2011,3520.35,ARGENTINA,"25 FABRICACIÓN DE PRODUCTOS METÁLICOS, EXCEPTO MAQUINAR"
2011,5900,ARGENTINA,"26 FABRICACIÓN DE PRODUCTOS INFORMÁTICOS, ELECTRÓNICOS"
2011,24297.8,ARGENTINA,27 FABRICACIÓN DE MATERIAL Y EQUIPO ELÉCTRICO
2011,855.29,ARGENTINA,28 FABRICACIÓN DE MAQUINARIA Y EQUIPO N.C.O.P.
2011,0,ARGENTINA,"29 FABRICACIÓN DE VEHÍCULOS DE MOTOR, REMOLQUES"
2011,0,ARGENTINA,30 FABRICACIÓN DE OTRO MATERIAL DE TRANSPORTE
2011,0,ARGENTINA,33 REPARACIÓN E INSTALACIÓN DE MAQUINARIA Y EQUIPO
2011,0,ARGENTINA,"35 SUMINISTRO DE ENERGÍA ELÉCTRICA, GAS, VAPOR Y AIRE"
2011,0,ARGENTINA,37 RECOGIDA Y TRATAMIENTO DE AGUAS RESIDUALES
2011,0,ARGENTINA,"38 RECOGIDA, TRATAMIENTO Y ELIMINACIÓN DE RESIDUOS"
2011,0,ARGENTINA,41 CONSTRUCCIÓN DE EDIFICIOS
2011,636.0799999999999,ARGENTINA,42 INGENIERÍA CIVIL
2011,0,ARGENTINA,43 ACTIVIDADES DE CONSTRUCCIÓN ESPECIALIZADA
2011,0,ARGENTINA,45 VENTA Y REPARACIÓN DE VEHÍCULOS DE MOTOR Y MOTOCICL.
2011,46124.98,ARGENTINA,"46 COMER.MAYOR E INTERME.COMERCIO,EXCEP.VEHÍCULOS MOTOR"
2011,1747.8300000000002,ARGENTINA,"47 COMERCIO AL POR MENOR, EXCEPTO DE VEHÍCULOS DE MOTOR"
2011,0,ARGENTINA,49 TRANSPORTE TERRESTRE Y POR TUBERÍA
2011,0,ARGENTINA,50 TRANSPORTE MARÍTIMO Y POR VÍAS NAVEGABLES INTERIORES
2011,50.66,ARGENTINA,52 ALMACENAMIENTO Y ACTIVIDADES ANEXAS AL TRANSPORTE
2011,7608.99,ARGENTINA,55 SERVICIOS DE ALOJAMIENTO
2011,0,ARGENTINA,56 SERVICIOS DE COMIDAS Y BEBIDAS
2011,1472.89,ARGENTINA,58 EDICIÓN
2011,0,ARGENTINA,"59 ACTIV. CINEMATOGRÁF, DE VÍDEO Y PROGRA. DE TV, GRAB."
2011,0,ARGENTINA,60 ACTIVIDADES DE PROGRAMACIÓN Y EMISIÓN DE RADIO Y TEL
2011,35.92,ARGENTINA,61 TELECOMUNICACIONES
2011,0,ARGENTINA,"62 PROGRAMACIÓN,CONSULTORÍA,OTRAS ACTIVIDADES RELAC."
2011,0,ARGENTINA,63 SERVICIOS DE INFORMACIÓN
2011,119274.05999999998,ARGENTINA,"64 SERVICIOS FINANCIEROS,EXCEP.SEGUROS Y FONDOS PENSION"
2011,3529.52,ARGENTINA,"65 SEGUROS,REASEGURO.FONDOS PENSION, EXCEPTO S.SOCIAL"
2011,0,ARGENTINA,66 ACTIVIDADES AUXILIARES A LOS SERVICIOS FINANCIEROS
2011,4029.7,ARGENTINA,68 ACTIVIDADES INMOBILIARIAS
2011,638.53,ARGENTINA,69 ACTIVIDADES JURÍDICAS Y DE CONTABILIDAD
2011,33.82,ARGENTINA,70 ACTV. SEDES CENTRALES; ACTIV. CONSULTORÍA DE GESTIÓN
2011,1.96,ARGENTINA,71 SERVICIOS TECNICOS ARQUITECTURA E INGENIERIA
2011,0,ARGENTINA,73 PUBLICIDAD Y ESTUDIOS DE MERCADO
2011,38.18,ARGENTINA,"74 OTRAS ACTIV. PROFESIONALES, CIENTÍFICAS Y TÉCNICAS"
2011,0,ARGENTINA,77 ACTIVIDADES DE ALQUILER
2011,0,ARGENTINA,"79 ACTIVI. AGENCIAS VIAJE, OPERADOR TURÍST. RESERVAS"
2011,0,ARGENTINA,80 ACTIVIDADES DE SEGURIDAD E INVESTIGACIÓN
2011,0,ARGENTINA,82 ACTIVIDADES ADMINISTRATIVAS DE OFICINA
2011,0,ARGENTINA,85 EDUCACIÓN
2011,0,ARGENTINA,86 ACTIVIDADES SANITARIAS
2011,0,ARGENTINA,92 ACTIVIDADES DE JUEGOS DE AZAR Y APUESTAS
2011,0,ARGENTINA,"93 ACTIVIDADES DEPORTIVAS, RECREATIVAS Y DE ENTRETENIM."
2011,835.99,ARGENTINA,94 ACTIVIDADES ASOCIATIVAS
2011,4383.24,ARGENTINA,96 OTROS SERVICIOS PERSONALES
2011,120.78,ARGENTINA,PERSONAS FÍSICAS (SIN SECTOR DE ACTIVIDAD)
2012,0,ARGENTINA,"01 AGRICULTURA, GANADERÍA, CAZA Y SERV. RELACIONADOS"
2012,0,ARGENTINA,02 SILVICULTURA Y EXPLOTACIÓN FORESTAL
2012,0,ARGENTINA,03 PESCA Y ACUICULTURA
2012,0,ARGENTINA,06 EXTRACCIÓN DE CRUDO DE PETRÓLEO Y GAS NATURAL
2012,100,ARGENTINA,08 OTRAS INDUSTRIAS EXTRACTIVAS
2012,0,ARGENTINA,10 INDUSTRIA DE LA ALIMENTACIÓN
2012,0,ARGENTINA,11 FABRICACIÓN DE BEBIDAS
2012,0,ARGENTINA,14 CONFECCIÓN DE PRENDAS DE VESTIR
2012,0,ARGENTINA,15 INDUSTRIA DEL CUERO Y DEL CALZADO
2012,0,ARGENTINA,17 INDUSTRIA DEL PAPEL
2012,5076.13,ARGENTINA,20 INDUSTRIA QUÍMICA
2012,4696.82,ARGENTINA,21 FABRICACIÓN DE PRODUCTOS FARMACÉUTICOS
2012,0,ARGENTINA,22 FABRICACIÓN DE PRODUCTOS DE CAUCHO Y PLÁSTICOS
2012,0,ARGENTINA,23 FABRICACIÓN DE OTROS PRODUCTOS MINERALES NO METÁLICO
2012,0,ARGENTINA,"24 METALURGIA; FABRICACION PRODUCTOS HIERRO, ACERO"
2012,3828.17,ARGENTINA,"25 FABRICACIÓN DE PRODUCTOS METÁLICOS, EXCEPTO MAQUINAR"
2012,310.33,ARGENTINA,"26 FABRICACIÓN DE PRODUCTOS INFORMÁTICOS, ELECTRÓNICOS"
2012,201.49,ARGENTINA,28 FABRICACIÓN DE MAQUINARIA Y EQUIPO N.C.O.P.
2012,0,ARGENTINA,"29 FABRICACIÓN DE VEHÍCULOS DE MOTOR, REMOLQUES"
2012,0,ARGENTINA,30 FABRICACIÓN DE OTRO MATERIAL DE TRANSPORTE
2012,117.05,ARGENTINA,31 FABRICACIÓN DE MUEBLES
2012,0,ARGENTINA,"35 SUMINISTRO DE ENERGÍA ELÉCTRICA, GAS, VAPOR Y AIRE"
2012,0,ARGENTINA,"36 CAPTACIÓN, DEPURACIÓN Y DISTRIBUCIÓN DE AGUA"
2012,0,ARGENTINA,"38 RECOGIDA, TRATAMIENTO Y ELIMINACIÓN DE RESIDUOS"
2012,0,ARGENTINA,41 CONSTRUCCIÓN DE EDIFICIOS
2012,852.01,ARGENTINA,42 INGENIERÍA CIVIL
2012,763.74,ARGENTINA,43 ACTIVIDADES DE CONSTRUCCIÓN ESPECIALIZADA
2012,1050,ARGENTINA,45 VENTA Y REPARACIÓN DE VEHÍCULOS DE MOTOR Y MOTOCICL.
2012,42445.9,ARGENTINA,"46 COMER.MAYOR E INTERME.COMERCIO,EXCEP.VEHÍCULOS MOTOR"
2012,0,ARGENTINA,"47 COMERCIO AL POR MENOR, EXCEPTO DE VEHÍCULOS DE MOTOR"
2012,0,ARGENTINA,49 TRANSPORTE TERRESTRE Y POR TUBERÍA
2012,0,ARGENTINA,50 TRANSPORTE MARÍTIMO Y POR VÍAS NAVEGABLES INTERIORES
2012,0,ARGENTINA,52 ALMACENAMIENTO Y ACTIVIDADES ANEXAS AL TRANSPORTE
2012,1347.6,ARGENTINA,55 SERVICIOS DE ALOJAMIENTO
2012,0,ARGENTINA,56 SERVICIOS DE COMIDAS Y BEBIDAS
2012,296.62,ARGENTINA,58 EDICIÓN
2012,0,ARGENTINA,"59 ACTIV. CINEMATOGRÁF, DE VÍDEO Y PROGRA. DE TV, GRAB."
2012,14603.01,ARGENTINA,60 ACTIVIDADES DE PROGRAMACIÓN Y EMISIÓN DE RADIO Y TEL
2012,97.31,ARGENTINA,61 TELECOMUNICACIONES
2012,21557.030000000002,ARGENTINA,"62 PROGRAMACIÓN,CONSULTORÍA,OTRAS ACTIVIDADES RELAC."
2012,0,ARGENTINA,63 SERVICIOS DE INFORMACIÓN
2012,329884.27999999997,ARGENTINA,"64 SERVICIOS FINANCIEROS,EXCEP.SEGUROS Y FONDOS PENSION"
2012,1646.84,ARGENTINA,"65 SEGUROS,REASEGURO.FONDOS PENSION, EXCEPTO S.SOCIAL"
2012,0,ARGENTINA,66 ACTIVIDADES AUXILIARES A LOS SERVICIOS FINANCIEROS
2012,20663.149999999998,ARGENTINA,68 ACTIVIDADES INMOBILIARIAS
2012,0,ARGENTINA,69 ACTIVIDADES JURÍDICAS Y DE CONTABILIDAD
2012,0.7,ARGENTINA,70 ACTV. SEDES CENTRALES; ACTIV. CONSULTORÍA DE GESTIÓN
2012,0,ARGENTINA,71 SERVICIOS TECNICOS ARQUITECTURA E INGENIERIA
2012,0,ARGENTINA,72 INVESTIGACIÓN Y DESARROLLO
2012,0,ARGENTINA,73 PUBLICIDAD Y ESTUDIOS DE MERCADO
2012,0,ARGENTINA,"74 OTRAS ACTIV. PROFESIONALES, CIENTÍFICAS Y TÉCNICAS"
2012,0,ARGENTINA,77 ACTIVIDADES DE ALQUILER
2012,0,ARGENTINA,"79 ACTIVI. AGENCIAS VIAJE, OPERADOR TURÍST. RESERVAS"
2012,2200.61,ARGENTINA,80 ACTIVIDADES DE SEGURIDAD E INVESTIGACIÓN
2012,0,ARGENTINA,82 ACTIVIDADES ADMINISTRATIVAS DE OFICINA
2012,0,ARGENTINA,85 EDUCACIÓN
2012,0,ARGENTINA,86 ACTIVIDADES SANITARIAS
2012,0,ARGENTINA,92 ACTIVIDADES DE JUEGOS DE AZAR Y APUESTAS
2012,0,ARGENTINA,"93 ACTIVIDADES DEPORTIVAS, RECREATIVAS Y DE ENTRETENIM."
2012,1487.42,ARGENTINA,94 ACTIVIDADES ASOCIATIVAS
2012,3069.53,ARGENTINA,96 OTROS SERVICIOS PERSONALES
2012,171.96,ARGENTINA,PERSONAS FÍSICAS (SIN SECTOR DE ACTIVIDAD)
2013,0,ARGENTINA,"01 AGRICULTURA, GANADERÍA, CAZA Y SERV. RELACIONADOS"
2013,0,ARGENTINA,02 SILVICULTURA Y EXPLOTACIÓN FORESTAL
2013,400.53,ARGENTINA,03 PESCA Y ACUICULTURA
2013,0,ARGENTINA,06 EXTRACCIÓN DE CRUDO DE PETRÓLEO Y GAS NATURAL
2013,0,ARGENTINA,08 OTRAS INDUSTRIAS EXTRACTIVAS
2013,1060.74,ARGENTINA,10 INDUSTRIA DE LA ALIMENTACIÓN
2013,298.48,ARGENTINA,11 FABRICACIÓN DE BEBIDAS
2013,0,ARGENTINA,14 CONFECCIÓN DE PRENDAS DE VESTIR
2013,0,ARGENTINA,15 INDUSTRIA DEL CUERO Y DEL CALZADO
2013,0,ARGENTINA,17 INDUSTRIA DEL PAPEL
2013,6.94,ARGENTINA,20 INDUSTRIA QUÍMICA
2013,30165.36,ARGENTINA,21 FABRICACIÓN DE PRODUCTOS FARMACÉUTICOS
2013,0,ARGENTINA,22 FABRICACIÓN DE PRODUCTOS DE CAUCHO Y PLÁSTICOS
2013,107051.71,ARGENTINA,23 FABRICACIÓN DE OTROS PRODUCTOS MINERALES NO METÁLICO
2013,0,ARGENTINA,"24 METALURGIA; FABRICACION PRODUCTOS HIERRO, ACERO"
2013,5131.7,ARGENTINA,"25 FABRICACIÓN DE PRODUCTOS METÁLICOS, EXCEPTO MAQUINAR"
2013,1254.8,ARGENTINA,"26 FABRICACIÓN DE PRODUCTOS INFORMÁTICOS, ELECTRÓNICOS"
2013,0,ARGENTINA,27 FABRICACIÓN DE MATERIAL Y EQUIPO ELÉCTRICO
2013,0,ARGENTINA,28 FABRICACIÓN DE MAQUINARIA Y EQUIPO N.C.O.P.
2013,0,ARGENTINA,"29 FABRICACIÓN DE VEHÍCULOS DE MOTOR, REMOLQUES"
2013,6930,ARGENTINA,30 FABRICACIÓN DE OTRO MATERIAL DE TRANSPORTE
2013,300,ARGENTINA,31 FABRICACIÓN DE MUEBLES
2013,0,ARGENTINA,"35 SUMINISTRO DE ENERGÍA ELÉCTRICA, GAS, VAPOR Y AIRE"
2013,0,ARGENTINA,"38 RECOGIDA, TRATAMIENTO Y ELIMINACIÓN DE RESIDUOS"
2013,6156.69,ARGENTINA,41 CONSTRUCCIÓN DE EDIFICIOS
2013,0,ARGENTINA,42 INGENIERÍA CIVIL
2013,526.65,ARGENTINA,43 ACTIVIDADES DE CONSTRUCCIÓN ESPECIALIZADA
2013,389.72,ARGENTINA,45 VENTA Y REPARACIÓN DE VEHÍCULOS DE MOTOR Y MOTOCICL.
2013,92559.65000000002,ARGENTINA,"46 COMER.MAYOR E INTERME.COMERCIO,EXCEP.VEHÍCULOS MOTOR"
2013,121109.43,ARGENTINA,"47 COMERCIO AL POR MENOR, EXCEPTO DE VEHÍCULOS DE MOTOR"
2013,0,ARGENTINA,49 TRANSPORTE TERRESTRE Y POR TUBERÍA
2013,0,ARGENTINA,52 ALMACENAMIENTO Y ACTIVIDADES ANEXAS AL TRANSPORTE
2013,0,ARGENTINA,55 SERVICIOS DE ALOJAMIENTO
2013,0,ARGENTINA,56 SERVICIOS DE COMIDAS Y BEBIDAS
2013,1466.49,ARGENTINA,58 EDICIÓN
2013,0,ARGENTINA,"59 ACTIV. CINEMATOGRÁF, DE VÍDEO Y PROGRA. DE TV, GRAB."
2013,14603.01,ARGENTINA,60 ACTIVIDADES DE PROGRAMACIÓN Y EMISIÓN DE RADIO Y TEL
2013,0,ARGENTINA,61 TELECOMUNICACIONES
2013,0,ARGENTINA,"62 PROGRAMACIÓN,CONSULTORÍA,OTRAS ACTIVIDADES RELAC."
2013,0,ARGENTINA,63 SERVICIOS DE INFORMACIÓN
2013,41481.5,ARGENTINA,"64 SERVICIOS FINANCIEROS,EXCEP.SEGUROS Y FONDOS PENSION"
2013,0,ARGENTINA,"65 SEGUROS,REASEGURO.FONDOS PENSION, EXCEPTO S.SOCIAL"
2013,0,ARGENTINA,66 ACTIVIDADES AUXILIARES A LOS SERVICIOS FINANCIEROS
2013,0,ARGENTINA,68 ACTIVIDADES INMOBILIARIAS
2013,370.37,ARGENTINA,69 ACTIVIDADES JURÍDICAS Y DE CONTABILIDAD
2013,0,ARGENTINA,71 SERVICIOS TECNICOS ARQUITECTURA E INGENIERIA
2013,0,ARGENTINA,72 INVESTIGACIÓN Y DESARROLLO
2013,0,ARGENTINA,73 PUBLICIDAD Y ESTUDIOS DE MERCADO
2013,0,ARGENTINA,"74 OTRAS ACTIV. PROFESIONALES, CIENTÍFICAS Y TÉCNICAS"
2013,0,ARGENTINA,77 ACTIVIDADES DE ALQUILER
2013,725.18,ARGENTINA,"79 ACTIVI. AGENCIAS VIAJE, OPERADOR TURÍST. RESERVAS"
2013,0,ARGENTINA,80 ACTIVIDADES DE SEGURIDAD E INVESTIGACIÓN
2013,0,ARGENTINA,82 ACTIVIDADES ADMINISTRATIVAS DE OFICINA
2013,0,ARGENTINA,85 EDUCACIÓN
2013,0,ARGENTINA,86 ACTIVIDADES SANITARIAS
2013,1235.26,ARGENTINA,92 ACTIVIDADES DE JUEGOS DE AZAR Y APUESTAS
2013,0,ARGENTINA,"93 ACTIVIDADES DEPORTIVAS, RECREATIVAS Y DE ENTRETENIM."
2013,1400,ARGENTINA,96 OTROS SERVICIOS PERSONALES
2013,10.71,ARGENTINA,PERSONAS FÍSICAS (SIN SECTOR DE ACTIVIDAD)
2014,0,ARGENTINA,"01 AGRICULTURA, GANADERÍA, CAZA Y SERV. RELACIONADOS"
2014,433.12,ARGENTINA,02 SILVICULTURA Y EXPLOTACIÓN FORESTAL
2014,0,ARGENTINA,03 PESCA Y ACUICULTURA
2014,0,ARGENTINA,06 EXTRACCIÓN DE CRUDO DE PETRÓLEO Y GAS NATURAL
2014,0,ARGENTINA,08 OTRAS INDUSTRIAS EXTRACTIVAS
2014,4152.62,ARGENTINA,10 INDUSTRIA DE LA ALIMENTACIÓN
2014,2311.99,ARGENTINA,11 FABRICACIÓN DE BEBIDAS
2014,0,ARGENTINA,14 CONFECCIÓN DE PRENDAS DE VESTIR
2014,0,ARGENTINA,15 INDUSTRIA DEL CUERO Y DEL CALZADO
2014,13481.71,ARGENTINA,20 INDUSTRIA QUÍMICA
2014,16701.43,ARGENTINA,21 FABRICACIÓN DE PRODUCTOS FARMACÉUTICOS
2014,0,ARGENTINA,22 FABRICACIÓN DE PRODUCTOS DE CAUCHO Y PLÁSTICOS
2014,0,ARGENTINA,23 FABRICACIÓN DE OTROS PRODUCTOS MINERALES NO METÁLICO
2014,0,ARGENTINA,"24 METALURGIA; FABRICACION PRODUCTOS HIERRO, ACERO"
2014,0,ARGENTINA,"25 FABRICACIÓN DE PRODUCTOS METÁLICOS, EXCEPTO MAQUINAR"
2014,0,ARGENTINA,"26 FABRICACIÓN DE PRODUCTOS INFORMÁTICOS, ELECTRÓNICOS"
2014,0,ARGENTINA,27 FABRICACIÓN DE MATERIAL Y EQUIPO ELÉCTRICO
2014,0,ARGENTINA,28 FABRICACIÓN DE MAQUINARIA Y EQUIPO N.C.O.P.
2014,0,ARGENTINA,"29 FABRICACIÓN DE VEHÍCULOS DE MOTOR, REMOLQUES"
2014,24867.98,ARGENTINA,30 FABRICACIÓN DE OTRO MATERIAL DE TRANSPORTE
2014,0,ARGENTINA,"35 SUMINISTRO DE ENERGÍA ELÉCTRICA, GAS, VAPOR Y AIRE"
2014,0,ARGENTINA,"36 CAPTACIÓN, DEPURACIÓN Y DISTRIBUCIÓN DE AGUA"
2014,3982.38,ARGENTINA,"38 RECOGIDA, TRATAMIENTO Y ELIMINACIÓN DE RESIDUOS"
2014,126.2,ARGENTINA,41 CONSTRUCCIÓN DE EDIFICIOS
2014,174.77,ARGENTINA,42 INGENIERÍA CIVIL
2014,943.93,ARGENTINA,43 ACTIVIDADES DE CONSTRUCCIÓN ESPECIALIZADA
2014,0,ARGENTINA,45 VENTA Y REPARACIÓN DE VEHÍCULOS DE MOTOR Y MOTOCICL.
2014,29783.46,ARGENTINA,"46 COMER.MAYOR E INTERME.COMERCIO,EXCEP.VEHÍCULOS MOTOR"
2014,0,ARGENTINA,"47 COMERCIO AL POR MENOR, EXCEPTO DE VEHÍCULOS DE MOTOR"
2014,0,ARGENTINA,49 TRANSPORTE TERRESTRE Y POR TUBERÍA
2014,0,ARGENTINA,52 ALMACENAMIENTO Y ACTIVIDADES ANEXAS AL TRANSPORTE
2014,0,ARGENTINA,55 SERVICIOS DE ALOJAMIENTO
2014,6.31,ARGENTINA,58 EDICIÓN
2014,1971.21,ARGENTINA,"59 ACTIV. CINEMATOGRÁF, DE VÍDEO Y PROGRA. DE TV, GRAB."
2014,0,ARGENTINA,60 ACTIVIDADES DE PROGRAMACIÓN Y EMISIÓN DE RADIO Y TEL
2014,0,ARGENTINA,61 TELECOMUNICACIONES
2014,0,ARGENTINA,"62 PROGRAMACIÓN,CONSULTORÍA,OTRAS ACTIVIDADES RELAC."
2014,0,ARGENTINA,63 SERVICIOS DE INFORMACIÓN
2014,196844.09,ARGENTINA,"64 SERVICIOS FINANCIEROS,EXCEP.SEGUROS Y FONDOS PENSION"
2014,500,ARGENTINA,"65 SEGUROS,REASEGURO.FONDOS PENSION, EXCEPTO S.SOCIAL"
2014,0,ARGENTINA,66 ACTIVIDADES AUXILIARES A LOS SERVICIOS FINANCIEROS
2014,0,ARGENTINA,68 ACTIVIDADES INMOBILIARIAS
2014,293.68,ARGENTINA,69 ACTIVIDADES JURÍDICAS Y DE CONTABILIDAD
2014,0,ARGENTINA,71 SERVICIOS TECNICOS ARQUITECTURA E INGENIERIA
2014,0,ARGENTINA,72 INVESTIGACIÓN Y DESARROLLO
2014,2.94,ARGENTINA,73 PUBLICIDAD Y ESTUDIOS DE MERCADO
2014,0,ARGENTINA,"74 OTRAS ACTIV. PROFESIONALES, CIENTÍFICAS Y TÉCNICAS"
2014,0,ARGENTINA,77 ACTIVIDADES DE ALQUILER
2014,724.3399999999999,ARGENTINA,"79 ACTIVI. AGENCIAS VIAJE, OPERADOR TURÍST. RESERVAS"
2014,0,ARGENTINA,80 ACTIVIDADES DE SEGURIDAD E INVESTIGACIÓN
2014,2377.46,ARGENTINA,82 ACTIVIDADES ADMINISTRATIVAS DE OFICINA
2014,0,ARGENTINA,85 EDUCACIÓN
2014,0,ARGENTINA,86 ACTIVIDADES SANITARIAS
2014,0,ARGENTINA,92 ACTIVIDADES DE JUEGOS DE AZAR Y APUESTAS
2014,1050,ARGENTINA,94 ACTIVIDADES ASOCIATIVAS
2014,4920.57,ARGENTINA,PERSONAS FÍSICAS (SIN SECTOR DE ACTIVIDAD)
2015,0,ARGENTINA,"01 AGRICULTURA, GANADERÍA, CAZA Y SERV. RELACIONADOS"
2015,0,ARGENTINA,02 SILVICULTURA Y EXPLOTACIÓN FORESTAL
2015,0,ARGENTINA,03 PESCA Y ACUICULTURA
2015,0,ARGENTINA,06 EXTRACCIÓN DE CRUDO DE PETRÓLEO Y GAS NATURAL
2015,0,ARGENTINA,08 OTRAS INDUSTRIAS EXTRACTIVAS
2015,1522.78,ARGENTINA,10 INDUSTRIA DE LA ALIMENTACIÓN
2015,0,ARGENTINA,11 FABRICACIÓN DE BEBIDAS
2015,0,ARGENTINA,14 CONFECCIÓN DE PRENDAS DE VESTIR
2015,0,ARGENTINA,15 INDUSTRIA DEL CUERO Y DEL CALZADO
2015,18797.280000000002,ARGENTINA,20 INDUSTRIA QUÍMICA
2015,1854.31,ARGENTINA,21 FABRICACIÓN DE PRODUCTOS FARMACÉUTICOS
2015,0,ARGENTINA,22 FABRICACIÓN DE PRODUCTOS DE CAUCHO Y PLÁSTICOS
2015,2824.06,ARGENTINA,23 FABRICACIÓN DE OTROS PRODUCTOS MINERALES NO METÁLICO
2015,0,ARGENTINA,"24 METALURGIA; FABRICACION PRODUCTOS HIERRO, ACERO"
2015,0,ARGENTINA,"25 FABRICACIÓN DE PRODUCTOS METÁLICOS, EXCEPTO MAQUINAR"
2015,0,ARGENTINA,27 FABRICACIÓN DE MATERIAL Y EQUIPO ELÉCTRICO
2015,119.57,ARGENTINA,28 FABRICACIÓN DE MAQUINARIA Y EQUIPO N.C.O.P.
2015,0,ARGENTINA,"29 FABRICACIÓN DE VEHÍCULOS DE MOTOR, REMOLQUES"
2015,1519.33,ARGENTINA,30 FABRICACIÓN DE OTRO MATERIAL DE TRANSPORTE
2015,0,ARGENTINA,"35 SUMINISTRO DE ENERGÍA ELÉCTRICA, GAS, VAPOR Y AIRE"
2015,0,ARGENTINA,"36 CAPTACIÓN, DEPURACIÓN Y DISTRIBUCIÓN DE AGUA"
2015,6074.01,ARGENTINA,"38 RECOGIDA, TRATAMIENTO Y ELIMINACIÓN DE RESIDUOS"
2015,0,ARGENTINA,41 CONSTRUCCIÓN DE EDIFICIOS
2015,728.07,ARGENTINA,42 INGENIERÍA CIVIL
2015,5446.46,ARGENTINA,43 ACTIVIDADES DE CONSTRUCCIÓN ESPECIALIZADA
2015,0,ARGENTINA,45 VENTA Y REPARACIÓN DE VEHÍCULOS DE MOTOR Y MOTOCICL.
2015,35158.83,ARGENTINA,"46 COMER.MAYOR E INTERME.COMERCIO,EXCEP.VEHÍCULOS MOTOR"
2015,0,ARGENTINA,"47 COMERCIO AL POR MENOR, EXCEPTO DE VEHÍCULOS DE MOTOR"
2015,0,ARGENTINA,49 TRANSPORTE TERRESTRE Y POR TUBERÍA
2015,0,ARGENTINA,50 TRANSPORTE MARÍTIMO Y POR VÍAS NAVEGABLES INTERIORES
2015,0,ARGENTINA,52 ALMACENAMIENTO Y ACTIVIDADES ANEXAS AL TRANSPORTE
2015,0,ARGENTINA,55 SERVICIOS DE ALOJAMIENTO
2015,351.29,ARGENTINA,58 EDICIÓN
2015,0,ARGENTINA,"59 ACTIV. CINEMATOGRÁF, DE VÍDEO Y PROGRA. DE TV, GRAB."
2015,0,ARGENTINA,60 ACTIVIDADES DE PROGRAMACIÓN Y EMISIÓN DE RADIO Y TEL
2015,0,ARGENTINA,61 TELECOMUNICACIONES
2015,0,ARGENTINA,"62 PROGRAMACIÓN,CONSULTORÍA,OTRAS ACTIVIDADES RELAC."
2015,0,ARGENTINA,63 SERVICIOS DE INFORMACIÓN
2015,126114.25,ARGENTINA,"64 SERVICIOS FINANCIEROS,EXCEP.SEGUROS Y FONDOS PENSION"
2015,2307.09,ARGENTINA,"65 SEGUROS,REASEGURO.FONDOS PENSION, EXCEPTO S.SOCIAL"
2015,28739.87,ARGENTINA,66 ACTIVIDADES AUXILIARES A LOS SERVICIOS FINANCIEROS
2015,0,ARGENTINA,68 ACTIVIDADES INMOBILIARIAS
2015,0,ARGENTINA,69 ACTIVIDADES JURÍDICAS Y DE CONTABILIDAD
2015,379.15,ARGENTINA,71 SERVICIOS TECNICOS ARQUITECTURA E INGENIERIA
2015,0,ARGENTINA,72 INVESTIGACIÓN Y DESARROLLO
2015,0,ARGENTINA,73 PUBLICIDAD Y ESTUDIOS DE MERCADO
2015,0,ARGENTINA,"74 OTRAS ACTIV. PROFESIONALES, CIENTÍFICAS Y TÉCNICAS"
2015,0,ARGENTINA,77 ACTIVIDADES DE ALQUILER
2015,2683.5,ARGENTINA,"79 ACTIVI. AGENCIAS VIAJE, OPERADOR TURÍST. RESERVAS"
2015,0,ARGENTINA,80 ACTIVIDADES DE SEGURIDAD E INVESTIGACIÓN
2015,0,ARGENTINA,82 ACTIVIDADES ADMINISTRATIVAS DE OFICINA
2015,0,ARGENTINA,85 EDUCACIÓN
2015,0,ARGENTINA,86 ACTIVIDADES SANITARIAS
2015,0,ARGENTINA,92 ACTIVIDADES DE JUEGOS DE AZAR Y APUESTAS
2015,2825.57,ARGENTINA,PERSONAS FÍSICAS (SIN SECTOR DE ACTIVIDAD)
2016,2058.76,ARGENTINA,"01 AGRICULTURA, GANADERÍA, CAZA Y SERV. RELACIONADOS"
2016,595.79,ARGENTINA,02 SILVICULTURA Y EXPLOTACIÓN FORESTAL
2016,0,ARGENTINA,03 PESCA Y ACUICULTURA
2016,0,ARGENTINA,06 EXTRACCIÓN DE CRUDO DE PETRÓLEO Y GAS NATURAL
2016,0,ARGENTINA,08 OTRAS INDUSTRIAS EXTRACTIVAS
2016,0,ARGENTINA,09 ACTIVIDADES DE APOYO A LAS INDUSTRIAS EXTRACTIVAS
2016,130.97,ARGENTINA,10 INDUSTRIA DE LA ALIMENTACIÓN
2016,0,ARGENTINA,11 FABRICACIÓN DE BEBIDAS
2016,0,ARGENTINA,14 CONFECCIÓN DE PRENDAS DE VESTIR
2016,0,ARGENTINA,15 INDUSTRIA DEL CUERO Y DEL CALZADO
2016,1891.6999999999998,ARGENTINA,20 INDUSTRIA QUÍMICA
2016,227.26,ARGENTINA,21 FABRICACIÓN DE PRODUCTOS FARMACÉUTICOS
2016,0,ARGENTINA,22 FABRICACIÓN DE PRODUCTOS DE CAUCHO Y PLÁSTICOS
2016,0,ARGENTINA,23 FABRICACIÓN DE OTROS PRODUCTOS MINERALES NO METÁLICO
2016,0,ARGENTINA,"24 METALURGIA; FABRICACION PRODUCTOS HIERRO, ACERO"
2016,3433.32,ARGENTINA,"25 FABRICACIÓN DE PRODUCTOS METÁLICOS, EXCEPTO MAQUINAR"
2016,0,ARGENTINA,"26 FABRICACIÓN DE PRODUCTOS INFORMÁTICOS, ELECTRÓNICOS"
2016,0,ARGENTINA,27 FABRICACIÓN DE MATERIAL Y EQUIPO ELÉCTRICO
2016,180.7,ARGENTINA,28 FABRICACIÓN DE MAQUINARIA Y EQUIPO N.C.O.P.
2016,35610.77,ARGENTINA,"29 FABRICACIÓN DE VEHÍCULOS DE MOTOR, REMOLQUES"
2016,9441.49,ARGENTINA,30 FABRICACIÓN DE OTRO MATERIAL DE TRANSPORTE
2016,0,ARGENTINA,"35 SUMINISTRO DE ENERGÍA ELÉCTRICA, GAS, VAPOR Y AIRE"
2016,0,ARGENTINA,"38 RECOGIDA, TRATAMIENTO Y ELIMINACIÓN DE RESIDUOS"
2016,0,ARGENTINA,39 ACTIVID. DE DESCONTAMINACIÓN Y OTROS SERVICIOS
2016,0,ARGENTINA,41 CONSTRUCCIÓN DE EDIFICIOS
2016,0,ARGENTINA,42 INGENIERÍA CIVIL
2016,1401.12,ARGENTINA,43 ACTIVIDADES DE CONSTRUCCIÓN ESPECIALIZADA
2016,0,ARGENTINA,45 VENTA Y REPARACIÓN DE VEHÍCULOS DE MOTOR Y MOTOCICL.
2016,215569.74,ARGENTINA,"46 COMER.MAYOR E INTERME.COMERCIO,EXCEP.VEHÍCULOS MOTOR"
2016,600,ARGENTINA,"47 COMERCIO AL POR MENOR, EXCEPTO DE VEHÍCULOS DE MOTOR"
2016,0,ARGENTINA,49 TRANSPORTE TERRESTRE Y POR TUBERÍA
2016,0,ARGENTINA,50 TRANSPORTE MARÍTIMO Y POR VÍAS NAVEGABLES INTERIORES
2016,0,ARGENTINA,52 ALMACENAMIENTO Y ACTIVIDADES ANEXAS AL TRANSPORTE
2016,692.96,ARGENTINA,58 EDICIÓN
2016,0,ARGENTINA,"59 ACTIV. CINEMATOGRÁF, DE VÍDEO Y PROGRA. DE TV, GRAB."
2016,0,ARGENTINA,60 ACTIVIDADES DE PROGRAMACIÓN Y EMISIÓN DE RADIO Y TEL
2016,0,ARGENTINA,61 TELECOMUNICACIONES
2016,0,ARGENTINA,"62 PROGRAMACIÓN,CONSULTORÍA,OTRAS ACTIVIDADES RELAC."
2016,0,ARGENTINA,63 SERVICIOS DE INFORMACIÓN
2016,2242581.32,ARGENTINA,"64 SERVICIOS FINANCIEROS,EXCEP.SEGUROS Y FONDOS PENSION"
2016,300,ARGENTINA,"65 SEGUROS,REASEGURO.FONDOS PENSION, EXCEPTO S.SOCIAL"
2016,0,ARGENTINA,66 ACTIVIDADES AUXILIARES A LOS SERVICIOS FINANCIEROS
2016,2175.09,ARGENTINA,68 ACTIVIDADES INMOBILIARIAS
2016,0,ARGENTINA,69 ACTIVIDADES JURÍDICAS Y DE CONTABILIDAD
2016,3.01,ARGENTINA,71 SERVICIOS TECNICOS ARQUITECTURA E INGENIERIA
2016,0,ARGENTINA,72 INVESTIGACIÓN Y DESARROLLO
2016,0,ARGENTINA,73 PUBLICIDAD Y ESTUDIOS DE MERCADO
2016,11.96,ARGENTINA,"74 OTRAS ACTIV. PROFESIONALES, CIENTÍFICAS Y TÉCNICAS"
2016,0,ARGENTINA,77 ACTIVIDADES DE ALQUILER
2016,0,ARGENTINA,"79 ACTIVI. AGENCIAS VIAJE, OPERADOR TURÍST. RESERVAS"
2016,0,ARGENTINA,80 ACTIVIDADES DE SEGURIDAD E INVESTIGACIÓN
2016,360.2,ARGENTINA,82 ACTIVIDADES ADMINISTRATIVAS DE OFICINA
2016,0,ARGENTINA,86 ACTIVIDADES SANITARIAS
2016,0,ARGENTINA,92 ACTIVIDADES DE JUEGOS DE AZAR Y APUESTAS
2016,0,ARGENTINA,96 OTROS SERVICIOS PERSONALES
2016,50,ARGENTINA,PERSONAS FÍSICAS (SIN SECTOR DE ACTIVIDAD)
2017,500,ARGENTINA,"01 AGRICULTURA, GANADERÍA, CAZA Y SERV. RELACIONADOS"
2017,1227.5,ARGENTINA,02 SILVICULTURA Y EXPLOTACIÓN FORESTAL
2017,0,ARGENTINA,03 PESCA Y ACUICULTURA
2017,0,ARGENTINA,06 EXTRACCIÓN DE CRUDO DE PETRÓLEO Y GAS NATURAL
2017,0,ARGENTINA,08 OTRAS INDUSTRIAS EXTRACTIVAS
2017,894.31,ARGENTINA,10 INDUSTRIA DE LA ALIMENTACIÓN
2017,0,ARGENTINA,11 FABRICACIÓN DE BEBIDAS
2017,0,ARGENTINA,13 INDUSTRIA TEXTIL
2017,0,ARGENTINA,14 CONFECCIÓN DE PRENDAS DE VESTIR
2017,100593.95000000001,ARGENTINA,20 INDUSTRIA QUÍMICA
2017,4978.97,ARGENTINA,21 FABRICACIÓN DE PRODUCTOS FARMACÉUTICOS
2017,4107.39,ARGENTINA,22 FABRICACIÓN DE PRODUCTOS DE CAUCHO Y PLÁSTICOS
2017,0,ARGENTINA,23 FABRICACIÓN DE OTROS PRODUCTOS MINERALES NO METÁLICO
2017,1363.62,ARGENTINA,"24 METALURGIA; FABRICACION PRODUCTOS HIERRO, ACERO"
2017,2261,ARGENTINA,"25 FABRICACIÓN DE PRODUCTOS METÁLICOS, EXCEPTO MAQUINAR"
2017,0,ARGENTINA,"26 FABRICACIÓN DE PRODUCTOS INFORMÁTICOS, ELECTRÓNICOS"
2017,0,ARGENTINA,27 FABRICACIÓN DE MATERIAL Y EQUIPO ELÉCTRICO
2017,119,ARGENTINA,28 FABRICACIÓN DE MAQUINARIA Y EQUIPO N.C.O.P.
2017,0,ARGENTINA,"29 FABRICACIÓN DE VEHÍCULOS DE MOTOR, REMOLQUES"
2017,0,ARGENTINA,33 REPARACIÓN E INSTALACIÓN DE MAQUINARIA Y EQUIPO
2017,11196.13,ARGENTINA,"35 SUMINISTRO DE ENERGÍA ELÉCTRICA, GAS, VAPOR Y AIRE"
2017,7624,ARGENTINA,"38 RECOGIDA, TRATAMIENTO Y ELIMINACIÓN DE RESIDUOS"
2017,0,ARGENTINA,39 ACTIVID. DE DESCONTAMINACIÓN Y OTROS SERVICIOS
2017,2257.83,ARGENTINA,41 CONSTRUCCIÓN DE EDIFICIOS
2017,0,ARGENTINA,42 INGENIERÍA CIVIL
2017,3764.3,ARGENTINA,43 ACTIVIDADES DE CONSTRUCCIÓN ESPECIALIZADA
2017,0,ARGENTINA,45 VENTA Y REPARACIÓN DE VEHÍCULOS DE MOTOR Y MOTOCICL.
2017,667.6500000000001,ARGENTINA,"46 COMER.MAYOR E INTERME.COMERCIO,EXCEP.VEHÍCULOS MOTOR"
2017,0,ARGENTINA,"47 COMERCIO AL POR MENOR, EXCEPTO DE VEHÍCULOS DE MOTOR"
2017,0,ARGENTINA,50 TRANSPORTE MARÍTIMO Y POR VÍAS NAVEGABLES INTERIORES
2017,0,ARGENTINA,51 TRANSPORTE AÉREO
2017,0,ARGENTINA,52 ALMACENAMIENTO Y ACTIVIDADES ANEXAS AL TRANSPORTE
2017,226.73,ARGENTINA,58 EDICIÓN
2017,5727.96,ARGENTINA,"59 ACTIV. CINEMATOGRÁF, DE VÍDEO Y PROGRA. DE TV, GRAB."
2017,0,ARGENTINA,60 ACTIVIDADES DE PROGRAMACIÓN Y EMISIÓN DE RADIO Y TEL
2017,28942.83,ARGENTINA,61 TELECOMUNICACIONES
2017,0,ARGENTINA,"62 PROGRAMACIÓN,CONSULTORÍA,OTRAS ACTIVIDADES RELAC."
2017,0,ARGENTINA,63 SERVICIOS DE INFORMACIÓN
2017,189267.83,ARGENTINA,"64 SERVICIOS FINANCIEROS,EXCEP.SEGUROS Y FONDOS PENSION"
2017,0,ARGENTINA,"65 SEGUROS,REASEGURO.FONDOS PENSION, EXCEPTO S.SOCIAL"
2017,0,ARGENTINA,66 ACTIVIDADES AUXILIARES A LOS SERVICIOS FINANCIEROS
2017,255.63,ARGENTINA,68 ACTIVIDADES INMOBILIARIAS
2017,0,ARGENTINA,69 ACTIVIDADES JURÍDICAS Y DE CONTABILIDAD
2017,7669.280000000001,ARGENTINA,70 ACTV. SEDES CENTRALES; ACTIV. CONSULTORÍA DE GESTIÓN
2017,103.59,ARGENTINA,71 SERVICIOS TECNICOS ARQUITECTURA E INGENIERIA
2017,0,ARGENTINA,72 INVESTIGACIÓN Y DESARROLLO
2017,0,ARGENTINA,73 PUBLICIDAD Y ESTUDIOS DE MERCADO
2017,22.29,ARGENTINA,"74 OTRAS ACTIV. PROFESIONALES, CIENTÍFICAS Y TÉCNICAS"
2017,0,ARGENTINA,77 ACTIVIDADES DE ALQUILER
2017,0,ARGENTINA,"79 ACTIVI. AGENCIAS VIAJE, OPERADOR TURÍST. RESERVAS"
2017,0,ARGENTINA,80 ACTIVIDADES DE SEGURIDAD E INVESTIGACIÓN
2017,0,ARGENTINA,82 ACTIVIDADES ADMINISTRATIVAS DE OFICINA
2017,0,ARGENTINA,86 ACTIVIDADES SANITARIAS
2017,0,ARGENTINA,92 ACTIVIDADES DE JUEGOS DE AZAR Y APUESTAS
2017,0,ARGENTINA,"95 REPARACIÓN ORDENADORES, EFECTOS PERSONALES"
2017,0,ARGENTINA,96 OTROS SERVICIOS PERSONALES
2017,0,ARGENTINA,PERSONAS FÍSICAS (SIN SECTOR DE ACTIVIDAD)
2018,11.94,ARGENTINA,"01 AGRICULTURA, GANADERÍA, CAZA Y SERV. RELACIONADOS"
2018,808.3,ARGENTINA,02 SILVICULTURA Y EXPLOTACIÓN FORESTAL
2018,0,ARGENTINA,06 EXTRACCIÓN DE CRUDO DE PETRÓLEO Y GAS NATURAL
2018,6376.25,ARGENTINA,08 OTRAS INDUSTRIAS EXTRACTIVAS
2018,0,ARGENTINA,10 INDUSTRIA DE LA ALIMENTACIÓN
2018,0,ARGENTINA,11 FABRICACIÓN DE BEBIDAS
2018,0,ARGENTINA,14 CONFECCIÓN DE PRENDAS DE VESTIR
2018,11231.63,ARGENTINA,20 INDUSTRIA QUÍMICA
2018,722.75,ARGENTINA,21 FABRICACIÓN DE PRODUCTOS FARMACÉUTICOS
2018,40,ARGENTINA,22 FABRICACIÓN DE PRODUCTOS DE CAUCHO Y PLÁSTICOS
2018,0,ARGENTINA,23 FABRICACIÓN DE OTROS PRODUCTOS MINERALES NO METÁLICO
2018,0,ARGENTINA,"24 METALURGIA; FABRICACION PRODUCTOS HIERRO, ACERO"
2018,0,ARGENTINA,"25 FABRICACIÓN DE PRODUCTOS METÁLICOS, EXCEPTO MAQUINAR"
2018,0,ARGENTINA,27 FABRICACIÓN DE MATERIAL Y EQUIPO ELÉCTRICO
2018,0,ARGENTINA,28 FABRICACIÓN DE MAQUINARIA Y EQUIPO N.C.O.P.
2018,78971.5,ARGENTINA,"29 FABRICACIÓN DE VEHÍCULOS DE MOTOR, REMOLQUES"
2018,0,ARGENTINA,33 REPARACIÓN E INSTALACIÓN DE MAQUINARIA Y EQUIPO
2018,0,ARGENTINA,"35 SUMINISTRO DE ENERGÍA ELÉCTRICA, GAS, VAPOR Y AIRE"
2018,0,ARGENTINA,"38 RECOGIDA, TRATAMIENTO Y ELIMINACIÓN DE RESIDUOS"
2018,0,ARGENTINA,39 ACTIVID. DE DESCONTAMINACIÓN Y OTROS SERVICIOS
2018,246.41,ARGENTINA,41 CONSTRUCCIÓN DE EDIFICIOS
2018,2341.66,ARGENTINA,42 INGENIERÍA CIVIL
2018,1.94,ARGENTINA,43 ACTIVIDADES DE CONSTRUCCIÓN ESPECIALIZADA
2018,0,ARGENTINA,45 VENTA Y REPARACIÓN DE VEHÍCULOS DE MOTOR Y MOTOCICL.
2018,34186.630000000005,ARGENTINA,"46 COMER.MAYOR E INTERME.COMERCIO,EXCEP.VEHÍCULOS MOTOR"
2018,15000,ARGENTINA,"47 COMERCIO AL POR MENOR, EXCEPTO DE VEHÍCULOS DE MOTOR"
2018,0,ARGENTINA,50 TRANSPORTE MARÍTIMO Y POR VÍAS NAVEGABLES INTERIORES
2018,3110,ARGENTINA,52 ALMACENAMIENTO Y ACTIVIDADES ANEXAS AL TRANSPORTE
2018,926.32,ARGENTINA,58 EDICIÓN
2018,0,ARGENTINA,"59 ACTIV. CINEMATOGRÁF, DE VÍDEO Y PROGRA. DE TV, GRAB."
2018,0,ARGENTINA,61 TELECOMUNICACIONES
2018,1829.72,ARGENTINA,"62 PROGRAMACIÓN,CONSULTORÍA,OTRAS ACTIVIDADES RELAC."
2018,0,ARGENTINA,63 SERVICIOS DE INFORMACIÓN
2018,1515909.37,ARGENTINA,"64 SERVICIOS FINANCIEROS,EXCEP.SEGUROS Y FONDOS PENSION"
2018,0,ARGENTINA,"65 SEGUROS,REASEGURO.FONDOS PENSION, EXCEPTO S.SOCIAL"
2018,3350.92,ARGENTINA,66 ACTIVIDADES AUXILIARES A LOS SERVICIOS FINANCIEROS
2018,0,ARGENTINA,68 ACTIVIDADES INMOBILIARIAS
2018,12.5,ARGENTINA,69 ACTIVIDADES JURÍDICAS Y DE CONTABILIDAD
2018,11.05,ARGENTINA,70 ACTV. SEDES CENTRALES; ACTIV. CONSULTORÍA DE GESTIÓN
2018,1010,ARGENTINA,71 SERVICIOS TECNICOS ARQUITECTURA E INGENIERIA
2018,0,ARGENTINA,72 INVESTIGACIÓN Y DESARROLLO
2018,0.28,ARGENTINA,73 PUBLICIDAD Y ESTUDIOS DE MERCADO
2018,39.92999999999999,ARGENTINA,"74 OTRAS ACTIV. PROFESIONALES, CIENTÍFICAS Y TÉCNICAS"
2018,1681.34,ARGENTINA,"79 ACTIVI. AGENCIAS VIAJE, OPERADOR TURÍST. RESERVAS"
2018,0,ARGENTINA,80 ACTIVIDADES DE SEGURIDAD E INVESTIGACIÓN
2018,6.26,ARGENTINA,82 ACTIVIDADES ADMINISTRATIVAS DE OFICINA
2018,0,ARGENTINA,86 ACTIVIDADES SANITARIAS
2018,0,ARGENTINA,"91 ACTIV. DE BIBLIOTECAS, ARCHIVOS, MUSEOS Y OTRAS"
2018,0,ARGENTINA,92 ACTIVIDADES DE JUEGOS DE AZAR Y APUESTAS
2018,0,ARGENTINA,"93 ACTIVIDADES DEPORTIVAS, RECREATIVAS Y DE ENTRETENIM."
2018,688.8800000000001,ARGENTINA,PERSONAS FÍSICAS (SIN SECTOR DE ACTIVIDAD)
2019,190.2,ARGENTINA,02 SILVICULTURA Y EXPLOTACIÓN FORESTAL
2019,0,ARGENTINA,08 OTRAS INDUSTRIAS EXTRACTIVAS
2019,1999.8,ARGENTINA,10 INDUSTRIA DE LA ALIMENTACIÓN
2019,14658.33,ARGENTINA,20 INDUSTRIA QUÍMICA
2019,50530.060000000005,ARGENTINA,21 FABRICACIÓN DE PRODUCTOS FARMACÉUTICOS
2019,389974.19,ARGENTINA,23 FABRICACIÓN DE OTROS PRODUCTOS MINERALES NO METÁLICO
2019,3759.44,ARGENTINA,"24 METALURGIA; FABRICACION PRODUCTOS HIERRO, ACERO"
2019,0,ARGENTINA,"25 FABRICACIÓN DE PRODUCTOS METÁLICOS, EXCEPTO MAQUINAR"
2019,455980.59,ARGENTINA,"29 FABRICACIÓN DE VEHÍCULOS DE MOTOR, REMOLQUES"
2019,1576.64,ARGENTINA,43 ACTIVIDADES DE CONSTRUCCIÓN ESPECIALIZADA
2019,424.29999999999995,ARGENTINA,"46 COMER.MAYOR E INTERME.COMERCIO,EXCEP.VEHÍCULOS MOTOR"
2019,2477.92,ARGENTINA,58 EDICIÓN
2019,55988.79,ARGENTINA,"64 SERVICIOS FINANCIEROS,EXCEP.SEGUROS Y FONDOS PENSION"
2019,6.45,ARGENTINA,70 ACTV. SEDES CENTRALES; ACTIV. CONSULTORÍA DE GESTIÓN
2019,1106.1599999999999,ARGENTINA,"74 OTRAS ACTIV. PROFESIONALES, CIENTÍFICAS Y TÉCNICAS"
2019,1000.05,ARGENTINA,"79 ACTIVI. AGENCIAS VIAJE, OPERADOR TURÍST. RESERVAS"
2020,39.07,ARGENTINA,02 SILVICULTURA Y EXPLOTACIÓN FORESTAL
2020,521.34,ARGENTINA,03 PESCA Y ACUICULTURA
2020,2495.81,ARGENTINA,21 FABRICACIÓN DE PRODUCTOS FARMACÉUTICOS
2020,11078.27,ARGENTINA,"46 COMER.MAYOR E INTERME.COMERCIO,EXCEP.VEHÍCULOS MOTOR"
2020,16730.579999999998,ARGENTINA,"47 COMERCIO AL POR MENOR, EXCEPTO DE VEHÍCULOS DE MOTOR"
2020,5171.89,ARGENTINA,"62 PROGRAMACIÓN,CONSULTORÍA,OTRAS ACTIVIDADES RELAC."
2020,59847.95,ARGENTINA,"64 SERVICIOS FINANCIEROS,EXCEP.SEGUROS Y FONDOS PENSION"
2020,0,ARGENTINA,"65 SEGUROS,REASEGURO.FONDOS PENSION, EXCEPTO S.SOCIAL"
2020,4167.18,ARGENTINA,66 ACTIVIDADES AUXILIARES A LOS SERVICIOS FINANCIEROS
2020,2634.79,ARGENTINA,70 ACTV. SEDES CENTRALES; ACTIV. CONSULTORÍA DE GESTIÓN
2020,220.67,ARGENTINA,"79 ACTIVI. AGENCIAS VIAJE, OPERADOR TURÍST. RESERVAS"
2020,3055.09,ARGENTINA,86 ACTIVIDADES SANITARIAS
